actor_id,first_name,last_name,date_of_birth,email
1,Dean,Schroeder,1972-03-25,dean.schroeder_0@gmail.com
2,Lori,Boyd,1989-09-09,lori.boyd_0@yahoo.com
3,Michelle,Archer,1978-05-04,michelle.archer_0@yahoo.com
4,Kimberly,Mitchell,1953-11-08,kimberly.mitchell_0@gmail.com
5,Robert,Vazquez,1956-11-25,robert.vazquez_0@gmail.com
6,Michael,Glenn,2003-06-05,michael.glenn_0@hotmail.com
7,Bonnie,Greene,1960-06-12,bonnie.greene_0@gmail.com
8,Connie,Clarke,1992-09-15,connie.clarke_0@hotmail.com
9,Patrick,Gregory,1959-02-06,patrick.gregory_0@hotmail.com
10,John,Hobbs,1965-01-21,john.hobbs_0@yahoo.com
11,Jamie,Miller,1976-05-16,jamie.miller_0@gmail.com
12,Tracy,Stanley,1965-11-13,tracy.stanley_0@gmail.com
13,Carl,French,2000-01-23,carl.french_0@yahoo.com
14,Dennis,Henderson,1996-10-28,dennis.henderson_0@yahoo.com
15,Lauren,Sanchez,1978-03-20,lauren.sanchez_0@gmail.com
16,Justin,Hunter,2005-07-14,justin.hunter_0@gmail.com
17,Randall,Rivera,1994-05-19,randall.rivera_0@gmail.com
18,Bobby,Mendez,1950-03-12,bobby.mendez_0@yahoo.com
19,Greg,Ramirez,1974-01-13,greg.ramirez_0@hotmail.com
20,Richard,Graham,1991-09-19,richard.graham_0@hotmail.com
21,Anthony,Davidson,1988-05-19,anthony.davidson_0@yahoo.com
22,Christina,Hines,1986-01-10,christina.hines_0@gmail.com
23,Adam,Gonzalez,1990-08-17,adam.gonzalez_0@yahoo.com
24,Leslie,Daniel,1974-07-04,leslie.daniel_0@yahoo.com
25,Luis,Johnson,1953-10-10,luis.johnson_0@gmail.com
26,Sherry,Pratt,1977-01-07,sherry.pratt_0@yahoo.com
27,Chad,Marquez,1989-02-08,chad.marquez_0@hotmail.com
28,Charles,Sherman,1976-09-27,charles.sherman_0@yahoo.com
29,Tyler,Garcia,1967-09-06,tyler.garcia_0@hotmail.com
30,Jeffrey,Johnson,1994-11-23,jeffrey.johnson_0@yahoo.com
31,Shelby,Norris,1956-12-07,shelby.norris_0@gmail.com
32,James,Wong,1944-10-04,james.wong_0@gmail.com
33,Michael,Dunn,2004-01-28,michael.dunn_0@hotmail.com
34,Kylie,Long,1994-01-28,kylie.long_0@gmail.com
35,Katherine,Marquez,1971-04-02,katherine.marquez_0@yahoo.com
36,Heidi,Briggs,1971-10-24,heidi.briggs_0@yahoo.com
37,Annette,Prince,1970-01-06,annette.prince_0@gmail.com
38,Thomas,Chase,1958-10-10,thomas.chase_0@yahoo.com
39,Elizabeth,Terry,1975-01-16,elizabeth.terry_0@gmail.com
40,Lisa,Ritter,1960-07-17,lisa.ritter_0@yahoo.com
41,Brandon,Burns,1952-04-27,brandon.burns_0@yahoo.com
42,Jeffrey,Williams,1967-12-25,jeffrey.williams_0@gmail.com
43,Nancy,Simon,1978-07-05,nancy.simon_0@hotmail.com
44,Tonya,Burton,1988-11-14,tonya.burton_0@gmail.com
45,Christopher,Branch,1971-11-23,christopher.branch_0@gmail.com
46,Gene,Hurley,1974-06-23,gene.hurley_0@gmail.com
47,Tonya,Glover,1971-11-21,tonya.glover_0@hotmail.com
48,Karen,Hudson,1997-05-02,karen.hudson_0@yahoo.com
49,Wendy,Martin,1955-12-24,wendy.martin_0@hotmail.com
50,Justin,Hunter,1996-01-04,justin.hunter_0@hotmail.com
51,Jacob,Graham,1953-06-16,jacob.graham_0@yahoo.com
52,Jeanette,Duarte,1980-10-18,jeanette.duarte_0@hotmail.com
53,Erica,Stanley,1993-11-19,erica.stanley_0@yahoo.com
54,Anna,Scott,1950-07-15,anna.scott_0@hotmail.com
55,Donna,Patrick,1988-01-22,donna.patrick_0@hotmail.com
56,Troy,Guzman,1958-09-28,troy.guzman_0@hotmail.com
57,Jennifer,Ryan,1973-12-01,jennifer.ryan_0@gmail.com
58,Pamela,Bird,1984-10-10,pamela.bird_0@yahoo.com
59,Derrick,Butler,1985-07-31,derrick.butler_0@yahoo.com
60,Rachel,Rodriguez,1985-02-28,rachel.rodriguez_0@gmail.com
61,Dominique,Bell,1987-11-10,dominique.bell_0@yahoo.com
62,Kathleen,Rodgers,1984-04-04,kathleen.rodgers_0@hotmail.com
63,Eugene,Irwin,1979-05-16,eugene.irwin_0@yahoo.com
64,Cynthia,Larson,1966-02-06,cynthia.larson_0@yahoo.com
65,Deborah,Bridges,1948-08-12,deborah.bridges_0@yahoo.com
66,Garrett,Holland,1995-04-23,garrett.holland_0@yahoo.com
67,Jamie,Montoya,1947-11-19,jamie.montoya_0@yahoo.com
68,Xavier,Moore,1985-07-02,xavier.moore_0@gmail.com
69,Tyler,Phillips,1988-04-20,tyler.phillips_0@yahoo.com
70,James,Guzman,1957-02-04,james.guzman_0@hotmail.com
71,Lawrence,Adams,1983-05-18,lawrence.adams_0@yahoo.com
72,Crystal,Olson,1975-11-26,crystal.olson_0@yahoo.com
73,Jesus,Smith,1952-06-10,jesus.smith_0@gmail.com
74,Jose,Harris,1952-05-26,jose.harris_0@yahoo.com
75,Randy,Bird,1966-08-28,randy.bird_0@hotmail.com
76,Haley,Miranda,1995-12-15,haley.miranda_0@hotmail.com
77,Linda,Phillips,1969-09-28,linda.phillips_0@yahoo.com
78,Eric,Adams,1968-12-04,eric.adams_0@hotmail.com
79,Marissa,Padilla,1948-01-03,marissa.padilla_0@gmail.com
80,Thomas,Phelps,1963-11-22,thomas.phelps_0@yahoo.com
81,Charlene,Yoder,2001-09-14,charlene.yoder_0@gmail.com
82,David,Robertson,1977-01-17,david.robertson_0@hotmail.com
83,Joel,Cole,1992-08-10,joel.cole_0@hotmail.com
84,Victor,Marshall,2002-02-06,victor.marshall_0@yahoo.com
85,Kaylee,Watson,1982-02-19,kaylee.watson_0@gmail.com
86,Sarah,Bradshaw,1949-10-02,sarah.bradshaw_0@yahoo.com
87,Lindsey,Wood,1957-11-29,lindsey.wood_0@yahoo.com
88,Deborah,Campbell,1977-10-23,deborah.campbell_0@hotmail.com
89,Ryan,Miller,2004-01-06,ryan.miller_0@gmail.com
90,Melinda,Warren,1965-10-08,melinda.warren_0@hotmail.com
91,Lee,Lopez,1944-11-23,lee.lopez_0@yahoo.com
92,Jennifer,Hughes,1946-05-11,jennifer.hughes_0@gmail.com
93,Anthony,Snyder,1949-06-14,anthony.snyder_0@gmail.com
94,Carl,Wright,1984-11-12,carl.wright_0@hotmail.com
95,Justin,Bond,1966-02-26,justin.bond_0@gmail.com
96,Kathy,Jones,1980-07-04,kathy.jones_0@yahoo.com
97,David,Jones,1989-06-22,david.jones_0@hotmail.com
98,Michael,Kim,1966-06-10,michael.kim_0@yahoo.com
99,Carlos,Riddle,1951-07-14,carlos.riddle_0@yahoo.com
100,Julie,Porter,1999-07-21,julie.porter_0@hotmail.com
101,Scott,Deleon,1968-10-26,scott.deleon_0@yahoo.com
102,Melinda,Orozco,1978-01-29,melinda.orozco_0@gmail.com
103,Paul,Murray,1990-05-15,paul.murray_0@gmail.com
104,Michelle,Li,1955-07-30,michelle.li_0@yahoo.com
105,Deborah,Harris,1968-03-22,deborah.harris_0@gmail.com
106,Kimberly,Hernandez,1985-08-23,kimberly.hernandez_0@hotmail.com
107,Jessica,Koch,1967-07-28,jessica.koch_0@hotmail.com
108,Corey,Jones,1972-06-23,corey.jones_0@yahoo.com
109,Manuel,Brooks,1980-04-16,manuel.brooks_0@gmail.com
110,Jon,Lynch,1993-01-25,jon.lynch_0@hotmail.com
111,Michelle,Jones,1965-01-10,michelle.jones_0@gmail.com
112,Dana,Johnson,1968-12-30,dana.johnson_0@gmail.com
113,Natalie,Jensen,1956-11-20,natalie.jensen_0@gmail.com
114,Devin,Castro,1992-10-27,devin.castro_0@gmail.com
115,Nichole,Williams,1950-04-02,nichole.williams_0@yahoo.com
116,Melissa,Simpson,1982-02-09,melissa.simpson_0@hotmail.com
117,Haley,Howard,1947-12-03,haley.howard_0@yahoo.com
118,Austin,Melton,1961-09-24,austin.melton_0@gmail.com
119,Derek,Bailey,1981-03-25,derek.bailey_0@yahoo.com
120,Kelsey,Drake,1990-08-04,kelsey.drake_0@gmail.com
121,Alexis,Buchanan,1982-02-18,alexis.buchanan_0@gmail.com
122,Steven,Compton,1983-11-08,steven.compton_0@yahoo.com
123,Brian,Smith,1962-08-15,brian.smith_0@hotmail.com
124,Alexis,Cain,1945-02-02,alexis.cain_0@gmail.com
125,Patrick,Choi,1956-06-16,patrick.choi_0@yahoo.com
126,William,Walton,1958-07-14,william.walton_0@yahoo.com
127,Rachel,Robinson,1956-06-18,rachel.robinson_0@yahoo.com
128,Alejandro,Bartlett,2002-01-27,alejandro.bartlett_0@yahoo.com
129,Bruce,Pruitt,1995-03-20,bruce.pruitt_0@hotmail.com
130,Patricia,Ortiz,1956-11-30,patricia.ortiz_0@yahoo.com
131,Katherine,Gonzalez,1950-05-28,katherine.gonzalez_0@hotmail.com
132,Linda,Buchanan,1995-08-24,linda.buchanan_0@hotmail.com
133,Jerome,Russell,1957-02-15,jerome.russell_0@yahoo.com
134,Mary,Davila,1997-09-21,mary.davila_0@gmail.com
135,Eric,Gonzalez,1963-03-15,eric.gonzalez_0@hotmail.com
136,Gary,Nelson,1991-04-22,gary.nelson_0@hotmail.com
137,Rebecca,Delgado,1944-12-29,rebecca.delgado_0@yahoo.com
138,Janet,Hernandez,1964-06-02,janet.hernandez_0@yahoo.com
139,Jessica,Palmer,1972-11-11,jessica.palmer_0@yahoo.com
140,John,Navarro,1983-07-29,john.navarro_0@yahoo.com
141,Lisa,Moody,1945-05-27,lisa.moody_0@gmail.com
142,Angela,Fisher,1999-09-14,angela.fisher_0@hotmail.com
143,Glenn,Stewart,1990-08-30,glenn.stewart_0@hotmail.com
144,Lauren,Robertson,1971-03-01,lauren.robertson_0@yahoo.com
145,Kimberly,Jones,1995-03-13,kimberly.jones_0@yahoo.com
146,Christine,Berger,1984-01-14,christine.berger_0@hotmail.com
147,Kaitlyn,Adams,1978-03-19,kaitlyn.adams_0@gmail.com
148,Charles,Odom,2002-07-09,charles.odom_0@yahoo.com
149,David,Rodriguez,2000-08-12,david.rodriguez_0@hotmail.com
150,Henry,Lewis,1958-08-02,henry.lewis_0@yahoo.com
151,David,Sanders,1967-05-08,david.sanders_0@yahoo.com
152,Melissa,Davis,1995-03-20,melissa.davis_0@hotmail.com
153,Steven,Lee,1963-05-17,steven.lee_0@yahoo.com
154,Sarah,Jackson,1956-07-13,sarah.jackson_0@gmail.com
155,Sara,Nunez,1992-06-23,sara.nunez_0@hotmail.com
156,Cody,Turner,1977-11-01,cody.turner_0@gmail.com
157,Oscar,Jacobs,1998-07-10,oscar.jacobs_0@yahoo.com
158,Aaron,Bond,1954-05-15,aaron.bond_0@gmail.com
159,Jesse,Gonzalez,1963-05-30,jesse.gonzalez_0@hotmail.com
160,Kenneth,Cox,1973-07-24,kenneth.cox_0@hotmail.com
161,Kevin,Wright,2003-10-18,kevin.wright_0@gmail.com
162,Marcus,Harris,1970-11-16,marcus.harris_0@gmail.com
163,Paula,Stout,1992-08-18,paula.stout_0@yahoo.com
164,Michael,Rogers,1976-07-02,michael.rogers_0@yahoo.com
165,Matthew,Green,1980-11-07,matthew.green_0@hotmail.com
166,Gregory,Anderson,1966-05-09,gregory.anderson_0@hotmail.com
167,Traci,Lee,1960-12-20,traci.lee_0@hotmail.com
168,Steven,Wong,2004-05-22,steven.wong_0@yahoo.com
169,Keith,Holmes,1961-07-03,keith.holmes_0@hotmail.com
170,Clarence,Bishop,1981-02-19,clarence.bishop_0@hotmail.com
171,Peter,Schaefer,1959-01-15,peter.schaefer_0@gmail.com
172,Mario,Jones,1973-01-26,mario.jones_0@hotmail.com
173,Richard,Johnson,2000-04-20,richard.johnson_0@gmail.com
174,Michael,Webb,1982-10-12,michael.webb_0@gmail.com
175,Carrie,Mcclain,1989-11-13,carrie.mcclain_0@hotmail.com
176,Michael,Thompson,1982-11-05,michael.thompson_0@hotmail.com
177,Jeanette,Fox,1978-11-20,jeanette.fox_0@hotmail.com
178,Lauren,Cruz,1974-09-22,lauren.cruz_0@yahoo.com
179,Kristina,Howard,1957-10-21,kristina.howard_0@hotmail.com
180,Yolanda,Curry,1991-12-16,yolanda.curry_0@gmail.com
181,Matthew,Haney,1976-03-17,matthew.haney_0@yahoo.com
182,Jason,Miller,2003-02-06,jason.miller_0@hotmail.com
183,Ethan,Williams,1981-12-15,ethan.williams_0@gmail.com
184,William,Lynch,1988-07-06,william.lynch_0@gmail.com
185,Monique,Sandoval,1997-07-20,monique.sandoval_0@gmail.com
186,Jessica,Barnett,1995-04-11,jessica.barnett_0@yahoo.com
187,Mark,Brown,1968-04-17,mark.brown_0@yahoo.com
188,Maria,West,2004-10-08,maria.west_0@yahoo.com
189,Margaret,Moreno,1987-10-15,margaret.moreno_0@gmail.com
190,Angela,Leonard,1970-10-01,angela.leonard_0@yahoo.com
191,Samantha,Bonilla,1947-02-13,samantha.bonilla_0@hotmail.com
192,Kimberly,Fox,1981-01-17,kimberly.fox_0@gmail.com
193,Timothy,Soto,1947-01-24,timothy.soto_0@hotmail.com
194,Claire,Carroll,1957-02-01,claire.carroll_0@hotmail.com
195,Kevin,Rodriguez,1966-03-08,kevin.rodriguez_0@yahoo.com
196,Stephanie,Alvarez,1951-12-17,stephanie.alvarez_0@hotmail.com
197,Nicole,Parker,1980-01-01,nicole.parker_0@yahoo.com
198,Lindsey,Vang,1945-10-16,lindsey.vang_0@yahoo.com
199,James,Carson,1982-07-05,james.carson_0@yahoo.com
200,Jeffrey,Fletcher,1970-06-03,jeffrey.fletcher_0@gmail.com
201,Sean,Sherman,1954-08-28,sean.sherman_0@hotmail.com
202,Alyssa,Kemp,1948-04-10,alyssa.kemp_0@gmail.com
203,Carl,Obrien,1968-03-08,carl.obrien_0@gmail.com
204,Darlene,Jenkins,1989-09-27,darlene.jenkins_0@hotmail.com
205,Jennifer,Short,1945-08-27,jennifer.short_0@hotmail.com
206,Angelica,Mahoney,2005-08-09,angelica.mahoney_0@gmail.com
207,Walter,Thompson,1978-05-14,walter.thompson_0@hotmail.com
208,Alex,Boyle,1989-11-08,alex.boyle_0@gmail.com
209,Mckenzie,Coleman,1998-05-29,mckenzie.coleman_0@yahoo.com
210,Madison,Mcgee,1987-08-12,madison.mcgee_0@gmail.com
211,Jennifer,Thomas,1971-01-16,jennifer.thomas_0@gmail.com
212,Glenn,Sexton,1969-07-22,glenn.sexton_0@hotmail.com
213,James,Irwin,1975-10-02,james.irwin_0@yahoo.com
214,Brandi,Snow,1987-01-27,brandi.snow_0@hotmail.com
215,Douglas,Taylor,1963-10-25,douglas.taylor_0@gmail.com
216,Linda,Moore,1968-11-11,linda.moore_0@gmail.com
217,Joseph,Mckee,1985-03-21,joseph.mckee_0@yahoo.com
218,Sally,Yoder,1956-12-10,sally.yoder_0@yahoo.com
219,Michael,Johnson,1951-09-21,michael.johnson_0@yahoo.com
220,Paul,Powell,1980-07-21,paul.powell_0@yahoo.com
221,Erin,Flores,2004-05-13,erin.flores_0@hotmail.com
222,Carrie,Acevedo,1988-12-12,carrie.acevedo_0@hotmail.com
223,Kevin,Burns,1945-09-17,kevin.burns_0@gmail.com
224,Autumn,Davis,1975-06-20,autumn.davis_0@yahoo.com
225,Cindy,Garcia,1954-02-11,cindy.garcia_0@hotmail.com
226,Sarah,Bentley,1996-04-06,sarah.bentley_0@hotmail.com
227,Christopher,Sanchez,1947-11-08,christopher.sanchez_0@hotmail.com
228,Alejandra,Johnson,1948-03-11,alejandra.johnson_0@hotmail.com
229,Kyle,Dixon,1981-02-04,kyle.dixon_0@hotmail.com
230,Melanie,Vincent,2004-11-08,melanie.vincent_0@gmail.com
231,Melissa,Davis,1988-12-21,melissa.davis_0@yahoo.com
232,Rachel,Stewart,1985-06-23,rachel.stewart_0@yahoo.com
233,Allison,Velazquez,1997-01-22,allison.velazquez_0@yahoo.com
234,Patricia,Gibson,1975-09-02,patricia.gibson_0@yahoo.com
235,Daniel,Jackson,1957-05-01,daniel.jackson_0@yahoo.com
236,Dominique,Foster,1990-07-14,dominique.foster_0@hotmail.com
237,Dustin,Brandt,1980-11-07,dustin.brandt_0@hotmail.com
238,Phillip,Pacheco,2003-11-15,phillip.pacheco_0@hotmail.com
239,William,Underwood,1980-05-16,william.underwood_0@hotmail.com
240,Linda,Hicks,1978-09-21,linda.hicks_0@hotmail.com
241,Angela,Thomas,1982-09-26,angela.thomas_0@yahoo.com
242,Katie,Rogers,1947-07-14,katie.rogers_0@gmail.com
243,Cynthia,Martin,1948-05-14,cynthia.martin_0@gmail.com
244,Suzanne,Cantrell,1954-09-25,suzanne.cantrell_0@yahoo.com
245,Sarah,Cole,1962-03-25,sarah.cole_0@gmail.com
246,Vanessa,Johnson,1974-11-28,vanessa.johnson_0@hotmail.com
247,Carmen,Vargas,1946-11-30,carmen.vargas_0@yahoo.com
248,Alejandro,King,1986-01-05,alejandro.king_0@gmail.com
249,Joe,Nash,1972-12-07,joe.nash_0@hotmail.com
250,Douglas,Weber,1958-11-08,douglas.weber_0@yahoo.com
251,Shannon,Gibson,1966-05-08,shannon.gibson_0@gmail.com
252,Craig,Hess,1978-01-04,craig.hess_0@yahoo.com
253,Nicole,Wright,1998-11-01,nicole.wright_0@gmail.com
254,Ann,Hayes,1973-09-14,ann.hayes_0@hotmail.com
255,Elijah,Alexander,1983-09-19,elijah.alexander_0@yahoo.com
256,William,Wolf,2002-11-17,william.wolf_0@hotmail.com
257,Ashley,Russo,2003-05-25,ashley.russo_0@hotmail.com
258,Sarah,Morales,1985-01-25,sarah.morales_0@hotmail.com
259,Cynthia,Jennings,1984-12-21,cynthia.jennings_0@hotmail.com
260,Kristen,Allen,1979-07-13,kristen.allen_0@yahoo.com
261,Kelly,Long,1950-11-19,kelly.long_0@gmail.com
262,Randy,Allen,1972-04-15,randy.allen_0@hotmail.com
263,Roberto,Ellison,2002-07-10,roberto.ellison_0@yahoo.com
264,Maria,Fox,1973-02-27,maria.fox_0@hotmail.com
265,Luke,Maldonado,1969-10-21,luke.maldonado_0@gmail.com
266,Edward,Allen,1980-12-31,edward.allen_0@yahoo.com
267,Christopher,Johnson,1974-11-18,christopher.johnson_0@gmail.com
268,Jessica,Reyes,1993-02-15,jessica.reyes_0@hotmail.com
269,April,Dixon,1972-01-22,april.dixon_0@gmail.com
270,Gregory,Pearson,1952-04-01,gregory.pearson_0@gmail.com
271,Hayley,Flores,1974-10-04,hayley.flores_0@gmail.com
272,Samuel,Kennedy,1982-02-14,samuel.kennedy_0@gmail.com
273,Tony,Walker,1997-09-12,tony.walker_0@yahoo.com
274,Jodi,Garza,1983-07-10,jodi.garza_0@gmail.com
275,Danielle,Paul,1975-09-06,danielle.paul_0@yahoo.com
276,Stephanie,Nixon,1964-01-25,stephanie.nixon_0@yahoo.com
277,Nicole,Meyer,1981-01-25,nicole.meyer_0@hotmail.com
278,Denise,Smith,1999-02-09,denise.smith_0@yahoo.com
279,Phyllis,Camacho,1962-01-04,phyllis.camacho_0@hotmail.com
280,Lynn,Fitzgerald,1999-01-05,lynn.fitzgerald_0@hotmail.com
281,Daniel,Cole,1970-05-20,daniel.cole_0@gmail.com
282,Danielle,Graham,2001-06-21,danielle.graham_0@gmail.com
283,Amanda,Martinez,1947-02-27,amanda.martinez_0@hotmail.com
284,David,Stewart,1988-08-07,david.stewart_0@gmail.com
285,Julie,Boyd,1989-05-04,julie.boyd_0@hotmail.com
286,Brooke,Myers,1968-09-30,brooke.myers_0@gmail.com
287,Christine,Banks,1952-12-16,christine.banks_0@yahoo.com
288,Tammy,Benjamin,2005-01-26,tammy.benjamin_0@yahoo.com
289,Karen,Rodriguez,1974-12-15,karen.rodriguez_0@yahoo.com
290,Nancy,Bender,1991-11-06,nancy.bender_0@gmail.com
291,Paula,Ferrell,1995-11-13,paula.ferrell_0@yahoo.com
292,Jennifer,Jenkins,1947-02-13,jennifer.jenkins_0@gmail.com
293,Robert,Lewis,1968-12-14,robert.lewis_0@yahoo.com
294,Rebecca,Graves,2004-05-05,rebecca.graves_0@yahoo.com
295,Jessica,Morris,1981-03-08,jessica.morris_0@hotmail.com
296,Diane,Martin,1951-09-17,diane.martin_0@hotmail.com
297,Larry,Shaw,1947-07-03,larry.shaw_0@gmail.com
298,Donna,Fernandez,1965-04-30,donna.fernandez_0@hotmail.com
299,Katherine,Shaffer,1945-07-08,katherine.shaffer_0@gmail.com
300,Amanda,Anderson,1945-04-25,amanda.anderson_0@yahoo.com
301,Elizabeth,Mitchell,1996-01-01,elizabeth.mitchell_0@yahoo.com
302,Jeffery,Jordan,1977-05-28,jeffery.jordan_0@hotmail.com
303,Steven,Rice,1985-05-17,steven.rice_0@yahoo.com
304,Bradley,Powers,1947-10-11,bradley.powers_0@gmail.com
305,Daniel,Rogers,1982-10-21,daniel.rogers_0@yahoo.com
306,Larry,Carter,1949-06-27,larry.carter_0@gmail.com
307,Edward,Johnson,1960-05-27,edward.johnson_0@yahoo.com
308,Karen,Clark,1998-07-11,karen.clark_0@gmail.com
309,Sarah,Dixon,1982-12-29,sarah.dixon_0@yahoo.com
310,Eric,Maxwell,1996-08-20,eric.maxwell_0@yahoo.com
311,William,Jones,1960-08-09,william.jones_0@yahoo.com
312,Kristen,Griffin,2000-09-21,kristen.griffin_0@hotmail.com
313,Theresa,Duran,1967-02-24,theresa.duran_0@gmail.com
314,William,Richardson,1964-08-27,william.richardson_0@hotmail.com
315,Emily,Davis,1970-03-13,emily.davis_0@hotmail.com
316,Ryan,Simon,1993-10-09,ryan.simon_0@yahoo.com
317,Brandon,Wright,1953-02-11,brandon.wright_0@hotmail.com
318,Megan,Lopez,1975-07-29,megan.lopez_0@hotmail.com
319,Melanie,Rodriguez,1990-09-04,melanie.rodriguez_0@yahoo.com
320,John,Adams,1989-03-09,john.adams_0@hotmail.com
321,Danielle,Campbell,1996-05-17,danielle.campbell_0@gmail.com
322,Ashley,Jones,1976-10-20,ashley.jones_0@gmail.com
323,Tyler,Brown,2004-09-23,tyler.brown_0@gmail.com
324,David,Mills,1996-08-19,david.mills_0@yahoo.com
325,Nicholas,Barr,1982-04-24,nicholas.barr_0@yahoo.com
326,Ronnie,Marshall,1944-11-01,ronnie.marshall_0@yahoo.com
327,Gregory,Nash,1994-04-14,gregory.nash_0@hotmail.com
328,Elizabeth,Jones,1960-07-13,elizabeth.jones_0@yahoo.com
329,Christopher,Simpson,1986-02-23,christopher.simpson_0@hotmail.com
330,Nicholas,Mcdaniel,1945-08-15,nicholas.mcdaniel_0@gmail.com
331,Madison,Warren,1989-05-11,madison.warren_0@hotmail.com
332,Levi,Wallace,2003-03-17,levi.wallace_0@yahoo.com
333,Lisa,Lee,1950-11-27,lisa.lee_0@gmail.com
334,Brandon,Thompson,2000-04-25,brandon.thompson_0@hotmail.com
335,Nicole,Gallegos,1952-12-02,nicole.gallegos_0@hotmail.com
336,Brian,Rodriguez,1989-01-27,brian.rodriguez_0@hotmail.com
337,Scott,Howell,1997-11-28,scott.howell_0@hotmail.com
338,Tyler,Santos,2000-09-12,tyler.santos_0@hotmail.com
339,Andrew,Chambers,1953-06-24,andrew.chambers_0@yahoo.com
340,Edward,Moore,1955-12-19,edward.moore_0@gmail.com
341,Kimberly,Smith,1947-01-08,kimberly.smith_0@gmail.com
342,Diana,Horn,1959-02-05,diana.horn_0@yahoo.com
343,Jamie,Ward,1969-02-23,jamie.ward_0@yahoo.com
344,Michelle,Stewart,1950-07-04,michelle.stewart_0@gmail.com
345,Leslie,Macdonald,1955-10-21,leslie.macdonald_0@hotmail.com
346,Derek,Webster,1978-06-17,derek.webster_0@gmail.com
347,Laura,Olson,2003-02-02,laura.olson_0@gmail.com
348,Gregory,Tran,1993-09-26,gregory.tran_0@hotmail.com
349,Kelly,Mcbride,1997-01-04,kelly.mcbride_0@yahoo.com
350,Lisa,Moore,1991-06-23,lisa.moore_0@hotmail.com
351,Shelby,Armstrong,1962-07-09,shelby.armstrong_0@gmail.com
352,Robert,Colon,1985-05-28,robert.colon_0@yahoo.com
353,Cheryl,Sharp,1971-08-09,cheryl.sharp_0@gmail.com
354,Courtney,Johnson,1988-01-09,courtney.johnson_0@hotmail.com
355,Samantha,Salazar,1947-07-27,samantha.salazar_0@gmail.com
356,Anthony,Martinez,1970-08-13,anthony.martinez_0@gmail.com
357,Elizabeth,Rogers,1978-06-10,elizabeth.rogers_0@yahoo.com
358,Tristan,Morgan,1980-05-11,tristan.morgan_0@yahoo.com
359,Marissa,Nichols,1998-09-04,marissa.nichols_0@hotmail.com
360,James,Smith,1966-09-13,james.smith_0@hotmail.com
361,Denise,Santana,1999-06-27,denise.santana_0@hotmail.com
362,Laura,Blake,1982-05-16,laura.blake_0@gmail.com
363,Amber,Torres,1961-08-21,amber.torres_0@hotmail.com
364,Angela,Sanchez,2002-05-08,angela.sanchez_0@hotmail.com
365,Rebecca,Peterson,1993-09-13,rebecca.peterson_0@yahoo.com
366,Colton,Miller,1957-07-12,colton.miller_0@gmail.com
367,Suzanne,Wilson,2004-09-24,suzanne.wilson_0@gmail.com
368,Diana,Burnett,1955-11-30,diana.burnett_0@gmail.com
369,Brianna,Scott,1979-03-17,brianna.scott_0@gmail.com
370,Robert,Webb,1946-03-25,robert.webb_0@hotmail.com
371,Lisa,Moore,1973-08-11,lisa.moore_0@yahoo.com
372,Samuel,Abbott,1980-09-16,samuel.abbott_0@yahoo.com
373,Ryan,Howell,2004-08-08,ryan.howell_0@yahoo.com
374,Thomas,Robinson,1957-12-29,thomas.robinson_0@yahoo.com
375,Melissa,Blankenship,1981-02-22,melissa.blankenship_0@hotmail.com
376,Christopher,Torres,1964-06-28,christopher.torres_0@hotmail.com
377,Tracy,Anderson,1978-07-30,tracy.anderson_0@gmail.com
378,Jason,Campbell,1965-06-16,jason.campbell_0@gmail.com
379,Katie,Flores,1985-11-23,katie.flores_0@hotmail.com
380,Albert,Wright,1963-03-18,albert.wright_0@gmail.com
381,Linda,Serrano,1965-11-06,linda.serrano_0@yahoo.com
382,Angela,Sanchez,1979-05-02,angela.sanchez_0@gmail.com
383,Kayla,Barton,1977-11-17,kayla.barton_0@gmail.com
384,David,Larsen,1981-09-08,david.larsen_0@hotmail.com
385,Justin,Mcneil,1976-05-07,justin.mcneil_0@hotmail.com
386,Brandon,Graves,1992-07-16,brandon.graves_0@hotmail.com
387,Emily,Hanna,1977-09-12,emily.hanna_0@gmail.com
388,Donna,Fuentes,1965-08-10,donna.fuentes_0@hotmail.com
389,Heather,Garcia,1994-03-02,heather.garcia_0@gmail.com
390,Stacy,Rodgers,1989-12-29,stacy.rodgers_0@yahoo.com
391,Ronald,Parker,2003-10-12,ronald.parker_0@gmail.com
392,Ronald,Perez,1980-06-07,ronald.perez_0@hotmail.com
393,Erin,Wilson,1999-01-18,erin.wilson_0@yahoo.com
394,Vanessa,Robinson,1951-10-26,vanessa.robinson_0@gmail.com
395,Renee,Willis,1985-08-08,renee.willis_0@gmail.com
396,Julie,Stanley,1980-05-13,julie.stanley_0@gmail.com
397,Dawn,Abbott,1996-04-22,dawn.abbott_0@gmail.com
398,Michael,Stein,1984-05-21,michael.stein_0@hotmail.com
399,Morgan,Walker,2002-04-13,morgan.walker_0@gmail.com
400,Cheryl,Barnett,1986-02-22,cheryl.barnett_0@gmail.com
401,Darren,Burke,1953-08-29,darren.burke_0@yahoo.com
402,Anthony,Hall,2004-08-19,anthony.hall_0@yahoo.com
403,Ray,Hernandez,1983-12-05,ray.hernandez_0@yahoo.com
404,Kristin,Riddle,1970-04-05,kristin.riddle_0@gmail.com
405,Jordan,Montgomery,1998-11-07,jordan.montgomery_0@yahoo.com
406,Charles,Castillo,1998-03-13,charles.castillo_0@gmail.com
407,Amanda,Flores,1962-07-28,amanda.flores_0@gmail.com
408,Rebecca,Walters,1974-10-14,rebecca.walters_0@gmail.com
409,Victor,Smith,1980-03-21,victor.smith_0@gmail.com
410,Becky,Parks,1949-04-03,becky.parks_0@hotmail.com
411,Lisa,Wilkins,1956-11-13,lisa.wilkins_0@yahoo.com
412,Elizabeth,Gomez,1978-12-30,elizabeth.gomez_0@gmail.com
413,Diana,Smith,1994-08-06,diana.smith_0@yahoo.com
414,Ryan,Hopkins,1985-03-01,ryan.hopkins_0@hotmail.com
415,Suzanne,Adams,1976-02-01,suzanne.adams_0@yahoo.com
416,Michelle,Daniels,1997-05-13,michelle.daniels_0@gmail.com
417,Crystal,Watkins,1983-06-28,crystal.watkins_0@gmail.com
418,Caitlin,Stuart,1996-09-15,caitlin.stuart_0@hotmail.com
419,Kathy,Lane,1985-12-03,kathy.lane_0@hotmail.com
420,Reginald,Shaw,1999-07-19,reginald.shaw_0@gmail.com
421,Rachel,Walters,2005-08-01,rachel.walters_0@hotmail.com
422,Karina,Christensen,1996-10-28,karina.christensen_0@gmail.com
423,Jason,Burgess,1953-09-13,jason.burgess_0@yahoo.com
424,Aaron,Phillips,1947-08-09,aaron.phillips_0@hotmail.com
425,Denise,Hill,1967-09-09,denise.hill_0@hotmail.com
426,Stephanie,Lloyd,2001-10-06,stephanie.lloyd_0@gmail.com
427,Scott,Gordon,1959-12-25,scott.gordon_0@gmail.com
428,Jeremy,Riley,1950-02-24,jeremy.riley_0@yahoo.com
429,Bonnie,Thomas,1981-11-02,bonnie.thomas_0@yahoo.com
430,Ethan,Vega,1977-04-12,ethan.vega_0@gmail.com
431,Claudia,Jones,1999-08-26,claudia.jones_0@yahoo.com
432,Jenna,Mahoney,1968-08-05,jenna.mahoney_0@hotmail.com
433,Robert,Murray,1960-11-13,robert.murray_0@yahoo.com
434,Martha,Hodge,1951-05-22,martha.hodge_0@yahoo.com
435,Madison,Brown,1976-07-03,madison.brown_0@gmail.com
436,Michael,Young,1959-12-05,michael.young_0@gmail.com
437,Lawrence,Wiley,1994-03-01,lawrence.wiley_0@yahoo.com
438,Andrew,Miller,1992-05-27,andrew.miller_0@yahoo.com
439,Kenneth,Becker,1998-03-19,kenneth.becker_0@yahoo.com
440,Lauren,Vega,1984-05-28,lauren.vega_0@hotmail.com
441,Patricia,Horton,1989-10-18,patricia.horton_0@gmail.com
442,Scott,Davis,1961-06-19,scott.davis_0@hotmail.com
443,Michael,Burnett,1998-12-15,michael.burnett_0@yahoo.com
444,Ana,Barron,1982-04-11,ana.barron_0@hotmail.com
445,Thomas,Durham,1998-10-13,thomas.durham_0@gmail.com
446,Bradley,Harrington,1964-05-31,bradley.harrington_0@yahoo.com
447,Stanley,Mcdaniel,2001-05-04,stanley.mcdaniel_0@gmail.com
448,Katelyn,Schneider,2001-08-29,katelyn.schneider_0@yahoo.com
449,Lynn,Roberson,1990-07-14,lynn.roberson_0@yahoo.com
450,Lisa,Hernandez,2000-01-05,lisa.hernandez_0@gmail.com
451,Daisy,Owens,1991-08-06,daisy.owens_0@yahoo.com
452,James,Johnson,1968-03-14,james.johnson_0@gmail.com
453,Michael,Aguilar,1986-03-18,michael.aguilar_0@yahoo.com
454,Barbara,Sullivan,1980-06-13,barbara.sullivan_0@hotmail.com
455,Kimberly,Cunningham,2002-06-12,kimberly.cunningham_0@yahoo.com
456,Ashley,Mcdaniel,1954-09-30,ashley.mcdaniel_0@yahoo.com
457,Andrew,Berry,1982-07-06,andrew.berry_0@hotmail.com
458,Michael,Gibbs,1979-08-30,michael.gibbs_0@yahoo.com
459,Timothy,Moreno,1953-08-17,timothy.moreno_0@hotmail.com
460,Robert,Jordan,1979-08-24,robert.jordan_0@yahoo.com
461,Blake,Austin,1979-07-06,blake.austin_0@hotmail.com
462,Jennifer,Hall,1981-06-20,jennifer.hall_0@yahoo.com
463,Sean,Cherry,1982-06-06,sean.cherry_0@yahoo.com
464,Roy,Brewer,1991-05-18,roy.brewer_0@hotmail.com
465,Patricia,Juarez,1990-03-16,patricia.juarez_0@yahoo.com
466,Robert,Thompson,1986-01-18,robert.thompson_0@gmail.com
467,Christopher,Rojas,1959-09-04,christopher.rojas_0@hotmail.com
468,Zachary,Harrison,1968-06-29,zachary.harrison_0@hotmail.com
469,Kathleen,Johnson,1994-11-19,kathleen.johnson_0@gmail.com
470,Melissa,Cochran,1984-03-14,melissa.cochran_0@yahoo.com
471,Brandon,Romero,1950-09-03,brandon.romero_0@hotmail.com
472,Kyle,Hess,1988-12-12,kyle.hess_0@gmail.com
473,Kenneth,Harper,1996-12-21,kenneth.harper_0@hotmail.com
474,Beverly,Leach,1962-11-03,beverly.leach_0@gmail.com
475,Amy,Burns,1980-03-17,amy.burns_0@hotmail.com
476,Samuel,Warner,1955-06-09,samuel.warner_0@yahoo.com
477,Kyle,Wilson,1971-10-22,kyle.wilson_0@gmail.com
478,Alexander,Christian,2001-06-29,alexander.christian_0@gmail.com
479,Amanda,Johnson,1989-09-21,amanda.johnson_0@yahoo.com
480,Julie,Morton,1945-04-16,julie.morton_0@hotmail.com
481,Christina,Sanders,1944-11-20,christina.sanders_0@yahoo.com
482,Juan,Brown,1987-02-10,juan.brown_0@hotmail.com
483,Geoffrey,Sanchez,1967-07-21,geoffrey.sanchez_0@hotmail.com
484,Tyler,Dean,1972-12-03,tyler.dean_0@hotmail.com
485,Julie,Bowen,1999-05-22,julie.bowen_0@yahoo.com
486,Tracy,Hernandez,1995-02-25,tracy.hernandez_0@yahoo.com
487,Connie,Logan,1984-10-26,connie.logan_0@yahoo.com
488,Stephanie,Glover,1982-08-28,stephanie.glover_0@gmail.com
489,Brianna,Sullivan,1949-01-21,brianna.sullivan_0@yahoo.com
490,Stephanie,Thompson,1977-07-19,stephanie.thompson_0@yahoo.com
491,Dustin,Kelly,2002-06-02,dustin.kelly_0@hotmail.com
492,William,Wilson,1970-11-30,william.wilson_0@gmail.com
493,Kristen,Holt,1953-02-17,kristen.holt_0@yahoo.com
494,John,Schroeder,1996-06-05,john.schroeder_0@hotmail.com
495,Karen,Mcintosh,1951-09-18,karen.mcintosh_0@yahoo.com
496,Gabriela,Morrison,1986-11-23,gabriela.morrison_0@gmail.com
497,Linda,Tanner,1963-11-22,linda.tanner_0@yahoo.com
498,Gregory,Martin,1991-03-28,gregory.martin_0@gmail.com
499,Charles,Morgan,1962-04-21,charles.morgan_0@gmail.com
500,Chelsea,Lucas,1993-11-12,chelsea.lucas_0@hotmail.com
501,Sherry,King,1970-09-02,sherry.king_0@yahoo.com
502,Lance,Blake,1966-11-04,lance.blake_0@hotmail.com
503,Ann,Gonzalez,1979-05-07,ann.gonzalez_0@yahoo.com
504,Roy,Lewis,1977-04-30,roy.lewis_0@hotmail.com
505,Andrea,Ross,1969-03-14,andrea.ross_0@hotmail.com
506,Emily,Jones,1994-10-14,emily.jones_0@hotmail.com
507,David,Hess,1974-11-09,david.hess_0@gmail.com
508,Sabrina,Best,1948-12-08,sabrina.best_0@hotmail.com
509,Richard,Jensen,1971-05-07,richard.jensen_0@yahoo.com
510,Tanya,Wilcox,2005-05-22,tanya.wilcox_0@yahoo.com
511,Steven,Rangel,1992-06-04,steven.rangel_0@gmail.com
512,Douglas,Nelson,2002-11-24,douglas.nelson_0@hotmail.com
513,Joseph,Robinson,1963-01-23,joseph.robinson_0@gmail.com
514,Jose,Mcintosh,1980-09-30,jose.mcintosh_0@gmail.com
515,Timothy,Stewart,1945-03-22,timothy.stewart_0@gmail.com
516,Andrea,James,2002-04-07,andrea.james_0@gmail.com
517,Anthony,Brown,1973-06-18,anthony.brown_0@gmail.com
518,Cynthia,Hoover,1965-06-18,cynthia.hoover_0@hotmail.com
519,Steve,Jordan,1990-02-17,steve.jordan_0@hotmail.com
520,Alec,Woods,1992-10-18,alec.woods_0@hotmail.com
521,Amy,Cuevas,1951-09-01,amy.cuevas_0@hotmail.com
522,Angel,Pena,1979-05-18,angel.pena_0@gmail.com
523,William,Rodriguez,1951-08-08,william.rodriguez_0@hotmail.com
524,Kent,Rowe,1990-04-09,kent.rowe_0@gmail.com
525,Ryan,Young,1997-11-08,ryan.young_0@gmail.com
526,Jessica,Santiago,1950-05-27,jessica.santiago_0@gmail.com
527,Francisco,Mccormick,1948-08-16,francisco.mccormick_0@yahoo.com
528,Lynn,Cruz,1980-09-04,lynn.cruz_0@yahoo.com
529,Kelsey,Gill,1961-03-27,kelsey.gill_0@gmail.com
530,Larry,Jackson,1974-11-24,larry.jackson_0@gmail.com
531,Benjamin,Davis,1993-02-04,benjamin.davis_0@yahoo.com
532,Ashley,Clarke,1953-10-26,ashley.clarke_0@gmail.com
533,Catherine,Cummings,1961-11-29,catherine.cummings_0@hotmail.com
534,Nathan,Reid,1994-05-23,nathan.reid_0@gmail.com
535,Janice,Martin,1993-07-15,janice.martin_0@gmail.com
536,Alexis,Rivera,1966-06-15,alexis.rivera_0@gmail.com
537,Cheryl,Thompson,1944-11-21,cheryl.thompson_0@yahoo.com
538,Laura,Nielsen,1978-04-04,laura.nielsen_0@gmail.com
539,Sean,Lewis,1983-08-02,sean.lewis_0@yahoo.com
540,Melissa,Lawson,1948-07-12,melissa.lawson_0@hotmail.com
541,John,Blanchard,1967-06-22,john.blanchard_0@gmail.com
542,Derrick,Fernandez,1979-01-11,derrick.fernandez_0@yahoo.com
543,Jason,Owens,1995-06-24,jason.owens_0@hotmail.com
544,Matthew,Jones,1946-05-14,matthew.jones_0@yahoo.com
545,Lisa,Hunter,1970-12-10,lisa.hunter_0@hotmail.com
546,Christopher,Humphrey,1950-06-15,christopher.humphrey_0@gmail.com
547,Shawn,Haas,1956-11-02,shawn.haas_0@yahoo.com
548,Veronica,Arnold,1995-06-25,veronica.arnold_0@hotmail.com
549,Douglas,King,1972-02-02,douglas.king_0@hotmail.com
550,Mary,Brock,1997-06-03,mary.brock_0@yahoo.com
551,Kristin,Johnson,1952-04-30,kristin.johnson_0@hotmail.com
552,Julie,Ingram,1987-11-18,julie.ingram_0@yahoo.com
553,Sylvia,Rivera,1995-11-25,sylvia.rivera_0@hotmail.com
554,Sheila,Lawson,1966-03-16,sheila.lawson_0@gmail.com
555,Claudia,Evans,1993-03-22,claudia.evans_0@yahoo.com
556,William,Colon,2002-03-28,william.colon_0@gmail.com
557,Kenneth,Rich,1952-02-02,kenneth.rich_0@hotmail.com
558,James,Hughes,1997-06-24,james.hughes_0@hotmail.com
559,Gregory,Gilbert,1950-11-20,gregory.gilbert_0@hotmail.com
560,Jasmine,Davis,1950-07-25,jasmine.davis_0@gmail.com
561,James,Perez,1987-12-17,james.perez_0@gmail.com
562,Shelly,Wright,1945-06-17,shelly.wright_0@yahoo.com
563,Tanya,Crawford,1985-09-09,tanya.crawford_0@hotmail.com
564,Denise,Franklin,1949-12-28,denise.franklin_0@yahoo.com
565,Bryan,Mcdonald,1991-03-19,bryan.mcdonald_0@yahoo.com
566,Marie,Smith,1962-03-21,marie.smith_0@gmail.com
567,Jamie,Dean,1972-12-14,jamie.dean_0@gmail.com
568,Kimberly,Cooper,2001-07-21,kimberly.cooper_0@hotmail.com
569,Andrew,Mann,1970-07-31,andrew.mann_0@yahoo.com
570,Sarah,Harmon,1953-07-02,sarah.harmon_0@yahoo.com
571,Scott,Shelton,1975-02-12,scott.shelton_0@gmail.com
572,Jared,Powell,1986-06-05,jared.powell_0@yahoo.com
573,Martha,Ramirez,1974-06-23,martha.ramirez_0@hotmail.com
574,Mark,Gutierrez,1995-02-23,mark.gutierrez_0@yahoo.com
575,Margaret,Espinoza,1995-11-12,margaret.espinoza_0@yahoo.com
576,Kevin,Williams,1999-03-25,kevin.williams_0@hotmail.com
577,Mckenzie,Schneider,2002-05-20,mckenzie.schneider_0@hotmail.com
578,Joan,Mcfarland,1975-01-11,joan.mcfarland_0@gmail.com
579,Steven,Frye,1961-11-29,steven.frye_0@yahoo.com
580,Nicole,Thomas,1975-09-18,nicole.thomas_0@gmail.com
581,Kelli,Tyler,1994-02-17,kelli.tyler_0@hotmail.com
582,Amanda,Winters,2004-04-04,amanda.winters_0@gmail.com
583,Megan,Curtis,1953-04-09,megan.curtis_0@yahoo.com
584,Sheila,Evans,1952-01-10,sheila.evans_0@hotmail.com
585,Maria,Kennedy,1969-06-25,maria.kennedy_0@yahoo.com
586,Marc,Hernandez,1974-12-24,marc.hernandez_0@yahoo.com
587,Natasha,Freeman,1971-09-17,natasha.freeman_0@gmail.com
588,Timothy,Torres,1988-02-12,timothy.torres_0@hotmail.com
589,Patrick,Carrillo,1970-08-20,patrick.carrillo_0@yahoo.com
590,Joyce,White,1982-09-04,joyce.white_0@yahoo.com
591,Katherine,Jimenez,1983-10-10,katherine.jimenez_0@gmail.com
592,Jorge,Short,1970-05-24,jorge.short_0@hotmail.com
593,Kyle,Macias,1954-08-27,kyle.macias_0@gmail.com
594,Bill,Ruiz,1973-05-12,bill.ruiz_0@gmail.com
595,Kristina,Snyder,1954-02-05,kristina.snyder_0@gmail.com
596,Christopher,Juarez,1984-08-23,christopher.juarez_0@gmail.com
597,Mark,Edwards,1959-10-24,mark.edwards_0@gmail.com
598,Abigail,Hall,2000-12-17,abigail.hall_0@hotmail.com
599,Donald,Thomas,1996-03-30,donald.thomas_0@gmail.com
600,Jason,Taylor,1986-09-18,jason.taylor_0@yahoo.com
601,April,Kim,2004-10-17,april.kim_0@hotmail.com
602,Keith,Guzman,2003-07-17,keith.guzman_0@gmail.com
603,Timothy,Bennett,1994-06-16,timothy.bennett_0@yahoo.com
604,Emily,Williams,1995-02-26,emily.williams_0@hotmail.com
605,Andrew,Keller,1984-07-01,andrew.keller_0@gmail.com
606,Karen,Jones,1986-06-29,karen.jones_0@yahoo.com
607,Jesse,Hall,1985-06-06,jesse.hall_0@gmail.com
608,April,Schaefer,1944-10-01,april.schaefer_0@gmail.com
609,Ralph,Williams,1966-07-10,ralph.williams_0@hotmail.com
610,Jennifer,George,1954-09-09,jennifer.george_0@hotmail.com
611,Krystal,Ray,1986-04-03,krystal.ray_0@yahoo.com
612,Robert,Byrd,1949-04-02,robert.byrd_0@hotmail.com
613,James,Stewart,1966-03-07,james.stewart_0@hotmail.com
614,Amanda,Garrett,1988-09-28,amanda.garrett_0@gmail.com
615,Jermaine,Olson,1998-04-25,jermaine.olson_0@hotmail.com
616,James,Ross,1966-06-19,james.ross_0@hotmail.com
617,Jonathan,Hansen,1975-08-13,jonathan.hansen_0@gmail.com
618,Ryan,Davis,1978-06-15,ryan.davis_0@gmail.com
619,Thomas,Bailey,1974-07-29,thomas.bailey_0@gmail.com
620,Kendra,Diaz,1989-09-27,kendra.diaz_0@gmail.com
621,Anna,Valencia,1951-10-14,anna.valencia_0@gmail.com
622,Stephanie,Walters,2003-06-04,stephanie.walters_0@gmail.com
623,Dennis,Mccarthy,1980-02-08,dennis.mccarthy_0@yahoo.com
624,Luis,Ryan,1976-11-06,luis.ryan_0@hotmail.com
625,Sarah,Hester,1957-12-20,sarah.hester_0@hotmail.com
626,Marco,White,1968-05-24,marco.white_0@hotmail.com
627,Randy,Anderson,1991-03-28,randy.anderson_0@yahoo.com
628,Chase,Brown,1952-12-05,chase.brown_0@hotmail.com
629,Sarah,Rhodes,1988-04-24,sarah.rhodes_0@yahoo.com
630,Jose,Smith,1970-04-09,jose.smith_0@gmail.com
631,Justin,Williams,1981-06-02,justin.williams_0@gmail.com
632,Laura,Miller,1991-10-16,laura.miller_0@hotmail.com
633,Patrick,Johnson,1962-06-25,patrick.johnson_0@gmail.com
634,Bryan,Kerr,1985-03-09,bryan.kerr_0@yahoo.com
635,Crystal,Camacho,1990-04-01,crystal.camacho_0@hotmail.com
636,Sandra,Miller,1970-04-01,sandra.miller_0@gmail.com
637,Lindsay,Daniels,1998-03-07,lindsay.daniels_0@yahoo.com
638,Matthew,Perry,1974-06-22,matthew.perry_0@gmail.com
639,Jeremiah,Moody,1998-09-24,jeremiah.moody_0@yahoo.com
640,Amanda,Cross,1974-09-22,amanda.cross_0@gmail.com
641,Tyler,Collins,1983-02-03,tyler.collins_0@yahoo.com
642,Christine,Robbins,1946-04-30,christine.robbins_0@yahoo.com
643,Kathleen,Cantu,2002-11-25,kathleen.cantu_0@yahoo.com
644,Stacey,Cross,1986-01-27,stacey.cross_0@gmail.com
645,James,Evans,1968-03-20,james.evans_0@hotmail.com
646,Patricia,Howard,1971-06-22,patricia.howard_0@gmail.com
647,Michelle,Campos,1974-06-07,michelle.campos_0@hotmail.com
648,Andrew,Rogers,1979-09-22,andrew.rogers_0@yahoo.com
649,Jose,Lam,1980-10-22,jose.lam_0@hotmail.com
650,Jody,Sheppard,1951-03-27,jody.sheppard_0@yahoo.com
651,Heather,Smith,1972-03-26,heather.smith_0@yahoo.com
652,Justin,Strickland,1955-01-08,justin.strickland_0@hotmail.com
653,Rebecca,Cortez,1988-04-16,rebecca.cortez_0@hotmail.com
654,Brian,Davidson,1980-09-24,brian.davidson_0@gmail.com
655,Patty,Wyatt,1993-01-31,patty.wyatt_0@yahoo.com
656,Daniel,Fritz,2001-08-18,daniel.fritz_0@yahoo.com
657,Johnathan,Wright,1976-05-08,johnathan.wright_0@gmail.com
658,Keith,Harris,1968-02-09,keith.harris_0@gmail.com
659,Tonya,Flowers,1949-10-08,tonya.flowers_0@yahoo.com
660,Amanda,Shepherd,1985-09-12,amanda.shepherd_0@yahoo.com
661,Jennifer,Wong,1962-08-08,jennifer.wong_0@gmail.com
662,Emily,Patterson,1993-01-01,emily.patterson_0@hotmail.com
663,Katie,Guzman,1952-08-19,katie.guzman_0@yahoo.com
664,Cory,Welch,1949-06-14,cory.welch_0@yahoo.com
665,Rebecca,Bradford,1983-02-26,rebecca.bradford_0@hotmail.com
666,Chad,White,1960-11-20,chad.white_0@hotmail.com
667,Anna,Parsons,1945-08-12,anna.parsons_0@hotmail.com
668,Christopher,Rivera,1991-07-03,christopher.rivera_0@gmail.com
669,Katie,Morgan,1979-08-03,katie.morgan_0@hotmail.com
670,Andrew,Bryant,1985-07-16,andrew.bryant_0@yahoo.com
671,Angela,Garcia,1980-12-04,angela.garcia_0@yahoo.com
672,Micheal,Hampton,1957-11-07,micheal.hampton_0@gmail.com
673,Destiny,Williams,1965-03-14,destiny.williams_0@yahoo.com
674,Nathaniel,Reyes,1948-06-04,nathaniel.reyes_0@yahoo.com
675,Jesse,Li,2003-07-01,jesse.li_0@yahoo.com
676,Kevin,Brooks,2004-11-28,kevin.brooks_0@yahoo.com
677,Joseph,Scott,1999-03-03,joseph.scott_0@hotmail.com
678,Jessica,Pollard,1994-09-02,jessica.pollard_0@hotmail.com
679,Deborah,Brown,1993-01-07,deborah.brown_0@gmail.com
680,Savannah,Robertson,1962-08-08,savannah.robertson_0@gmail.com
681,Brandon,Watkins,1985-04-12,brandon.watkins_0@yahoo.com
682,Matthew,Yang,2002-04-22,matthew.yang_0@yahoo.com
683,Terry,Tanner,1999-11-28,terry.tanner_0@hotmail.com
684,Bethany,Peterson,1999-12-01,bethany.peterson_0@yahoo.com
685,Victor,West,1975-01-13,victor.west_0@yahoo.com
686,Erik,Gordon,2004-04-04,erik.gordon_0@gmail.com
687,Caleb,Levy,1974-01-12,caleb.levy_0@gmail.com
688,Melinda,Marsh,2002-03-28,melinda.marsh_0@gmail.com
689,Ruth,Thomas,1965-06-13,ruth.thomas_0@yahoo.com
690,Rachel,Evans,1965-11-28,rachel.evans_0@yahoo.com
691,Julie,Robinson,1975-12-15,julie.robinson_0@yahoo.com
692,Brandon,Lopez,1970-08-21,brandon.lopez_0@yahoo.com
693,Michael,Montgomery,1992-05-16,michael.montgomery_0@yahoo.com
694,Scott,Anthony,1970-06-14,scott.anthony_0@gmail.com
695,Anita,Baker,1985-04-30,anita.baker_0@gmail.com
696,John,Brown,1959-04-04,john.brown_0@gmail.com
697,Meagan,Jones,1957-12-01,meagan.jones_0@hotmail.com
698,Madison,Morris,2003-02-18,madison.morris_0@hotmail.com
699,Angela,Stanley,1979-06-21,angela.stanley_0@hotmail.com
700,Anna,Becker,1965-12-21,anna.becker_0@hotmail.com
701,Jose,Carpenter,1990-07-04,jose.carpenter_0@hotmail.com
702,Robert,Kelly,1971-06-06,robert.kelly_0@hotmail.com
703,Danielle,Quinn,1946-08-07,danielle.quinn_0@gmail.com
704,Kimberly,Schultz,1974-05-26,kimberly.schultz_0@hotmail.com
705,Chelsea,Coleman,1948-03-20,chelsea.coleman_0@gmail.com
706,Caitlin,Sanders,1973-12-29,caitlin.sanders_0@gmail.com
707,Craig,Walker,1962-05-10,craig.walker_0@yahoo.com
708,Katherine,Cruz,1969-02-26,katherine.cruz_0@yahoo.com
709,Hailey,Sanchez,1976-05-07,hailey.sanchez_0@yahoo.com
710,Sherry,Harris,1972-11-30,sherry.harris_0@gmail.com
711,Andrew,Meyer,1971-03-18,andrew.meyer_0@gmail.com
712,James,Bishop,1970-11-09,james.bishop_0@yahoo.com
713,Brandy,Floyd,1996-10-15,brandy.floyd_0@hotmail.com
714,Jacob,Ochoa,1990-12-09,jacob.ochoa_0@hotmail.com
715,Jamie,Wright,1967-05-31,jamie.wright_0@yahoo.com
716,Alexandra,Torres,1980-09-14,alexandra.torres_0@hotmail.com
717,Amy,Hill,1966-12-04,amy.hill_0@yahoo.com
718,Bailey,Clark,1983-08-07,bailey.clark_0@hotmail.com
719,Tiffany,Silva,1961-08-31,tiffany.silva_0@gmail.com
720,Marie,Fritz,1998-07-05,marie.fritz_0@hotmail.com
721,Tina,Grant,1971-06-01,tina.grant_0@yahoo.com
722,Karen,Cabrera,1950-06-26,karen.cabrera_0@hotmail.com
723,Robin,Berger,1997-09-04,robin.berger_0@gmail.com
724,Jamie,Wright,1955-02-14,jamie.wright_1@yahoo.com
725,Adam,Bell,1973-10-17,adam.bell_0@hotmail.com
726,Kimberly,Beard,1948-05-14,kimberly.beard_0@hotmail.com
727,Tanya,Anderson,1974-05-10,tanya.anderson_0@gmail.com
728,Lisa,Mosley,1948-12-20,lisa.mosley_0@yahoo.com
729,Rebecca,Moore,2001-02-20,rebecca.moore_0@yahoo.com
730,Andrew,Morrison,2002-10-27,andrew.morrison_0@gmail.com
731,Shelby,Jones,1971-09-20,shelby.jones_0@gmail.com
732,Barbara,Garcia,1986-03-31,barbara.garcia_0@yahoo.com
733,Christopher,Wu,1969-04-01,christopher.wu_0@hotmail.com
734,Jerry,Garrison,1979-03-01,jerry.garrison_0@hotmail.com
735,Christopher,Gill,1986-09-18,christopher.gill_0@hotmail.com
736,William,Collins,1965-11-06,william.collins_0@hotmail.com
737,Jesus,Lewis,1978-06-21,jesus.lewis_0@gmail.com
738,Maria,Hall,1953-05-15,maria.hall_0@hotmail.com
739,Rita,Bradshaw,1974-05-08,rita.bradshaw_0@hotmail.com
740,Megan,Clark,1983-12-06,megan.clark_0@hotmail.com
741,Larry,West,1964-12-27,larry.west_0@gmail.com
742,Ryan,Copeland,2004-03-26,ryan.copeland_0@gmail.com
743,Russell,Smith,1957-09-01,russell.smith_0@hotmail.com
744,Deanna,Wilson,1949-02-08,deanna.wilson_0@yahoo.com
745,Daniel,Martin,1991-02-12,daniel.martin_0@hotmail.com
746,Kelsey,Lee,1996-07-12,kelsey.lee_0@hotmail.com
747,Barbara,Jones,1951-05-20,barbara.jones_0@gmail.com
748,Jessica,Pearson,1966-06-12,jessica.pearson_0@yahoo.com
749,Carla,Harrell,1947-03-21,carla.harrell_0@hotmail.com
750,Christina,Estrada,1988-06-19,christina.estrada_0@hotmail.com
751,Alyssa,Rhodes,1962-06-08,alyssa.rhodes_0@gmail.com
752,Megan,Wilson,1975-07-17,megan.wilson_0@yahoo.com
753,Debra,Le,2001-01-28,debra.le_0@gmail.com
754,Gary,Gordon,2004-02-04,gary.gordon_0@yahoo.com
755,Judy,Davis,1985-02-01,judy.davis_0@hotmail.com
756,Victoria,Terrell,1962-06-05,victoria.terrell_0@gmail.com
757,Patricia,Flores,1963-02-03,patricia.flores_0@gmail.com
758,Brian,Parker,2001-03-27,brian.parker_0@hotmail.com
759,Brian,Hall,1975-12-23,brian.hall_0@yahoo.com
760,Alan,Hawkins,1982-07-30,alan.hawkins_0@hotmail.com
761,Amanda,Rodriguez,1999-08-20,amanda.rodriguez_0@gmail.com
762,Kenneth,Boyer,1992-11-15,kenneth.boyer_0@hotmail.com
763,Kimberly,Griffin,2000-10-04,kimberly.griffin_0@gmail.com
764,Thomas,Vega,1998-02-11,thomas.vega_0@hotmail.com
765,Carolyn,Taylor,1962-02-03,carolyn.taylor_0@gmail.com
766,Paul,Lewis,1973-02-03,paul.lewis_0@gmail.com
767,Harry,Mayer,1957-06-30,harry.mayer_0@hotmail.com
768,Omar,Dodson,1978-07-20,omar.dodson_0@hotmail.com
769,John,Collins,1955-07-30,john.collins_0@gmail.com
770,Richard,Fields,1992-09-19,richard.fields_0@gmail.com
771,Emily,Fischer,1983-05-23,emily.fischer_0@hotmail.com
772,Denise,Campbell,1958-12-15,denise.campbell_0@hotmail.com
773,Samuel,Jackson,1972-09-06,samuel.jackson_0@hotmail.com
774,Anthony,Meyers,1973-08-15,anthony.meyers_0@yahoo.com
775,Tara,Lane,1986-01-15,tara.lane_0@hotmail.com
776,Todd,Monroe,1977-09-05,todd.monroe_0@yahoo.com
777,Keith,Greer,1946-12-01,keith.greer_0@gmail.com
778,Katherine,Frost,1964-01-25,katherine.frost_0@yahoo.com
779,Megan,Mora,1967-09-04,megan.mora_0@gmail.com
780,Douglas,Stewart,1994-12-16,douglas.stewart_0@yahoo.com
781,Shirley,Brooks,1995-02-15,shirley.brooks_0@gmail.com
782,Tara,Watson,1980-01-26,tara.watson_0@yahoo.com
783,Rachel,Martinez,1997-09-15,rachel.martinez_0@gmail.com
784,Betty,Collins,1979-08-28,betty.collins_0@yahoo.com
785,Deborah,Wright,1952-06-10,deborah.wright_0@hotmail.com
786,Francis,Schmidt,1958-10-01,francis.schmidt_0@yahoo.com
787,Patrick,Freeman,1953-11-11,patrick.freeman_0@yahoo.com
788,Andrew,Jones,2004-07-16,andrew.jones_0@yahoo.com
789,Danielle,Krueger,1971-11-01,danielle.krueger_0@gmail.com
790,Jillian,Beck,1992-03-11,jillian.beck_0@hotmail.com
791,Krista,Miller,1949-11-28,krista.miller_0@yahoo.com
792,Joseph,Haynes,1991-12-06,joseph.haynes_0@hotmail.com
793,Leah,Gray,1951-05-21,leah.gray_0@yahoo.com
794,Jonathan,King,1999-09-21,jonathan.king_0@yahoo.com
795,Stephanie,Brown,1985-06-15,stephanie.brown_0@gmail.com
796,Theresa,Campbell,1966-05-06,theresa.campbell_0@yahoo.com
797,Sarah,Gonzalez,1972-10-27,sarah.gonzalez_0@yahoo.com
798,Kristen,Williams,1994-09-06,kristen.williams_0@gmail.com
799,Angela,Vasquez,1945-08-07,angela.vasquez_0@hotmail.com
800,Paul,Trevino,1988-01-09,paul.trevino_0@yahoo.com
801,Cynthia,Chandler,1973-12-11,cynthia.chandler_0@yahoo.com
802,Brittany,Reed,1998-10-28,brittany.reed_0@hotmail.com
803,Nancy,Brandt,1997-12-03,nancy.brandt_0@gmail.com
804,Cody,Cooper,1972-11-06,cody.cooper_0@yahoo.com
805,Samantha,Decker,1968-12-25,samantha.decker_0@yahoo.com
806,John,Rivas,1946-10-11,john.rivas_0@yahoo.com
807,Shelly,Palmer,1949-08-14,shelly.palmer_0@yahoo.com
808,Jason,Terrell,1959-10-17,jason.terrell_0@yahoo.com
809,Brian,Martinez,1998-04-30,brian.martinez_0@hotmail.com
810,Roger,Bass,1969-01-14,roger.bass_0@yahoo.com
811,Steven,Wright,1975-02-26,steven.wright_0@hotmail.com
812,Laura,Cobb,1962-06-25,laura.cobb_0@hotmail.com
813,Stephanie,Bennett,1955-12-20,stephanie.bennett_0@hotmail.com
814,Jenny,Mccormick,1964-12-20,jenny.mccormick_0@hotmail.com
815,Ruben,Peterson,1959-07-20,ruben.peterson_0@yahoo.com
816,Sara,Stafford,1994-12-07,sara.stafford_0@hotmail.com
817,Jacqueline,Johnson,1957-05-11,jacqueline.johnson_0@gmail.com
818,Donna,King,1980-12-08,donna.king_0@hotmail.com
819,Rachel,Valdez,1979-06-05,rachel.valdez_0@yahoo.com
820,Nathan,Williams,1968-09-26,nathan.williams_0@hotmail.com
821,Melanie,Armstrong,1969-07-15,melanie.armstrong_0@yahoo.com
822,David,Smith,1968-01-08,david.smith_0@yahoo.com
823,James,Melton,1971-01-02,james.melton_0@hotmail.com
824,Nicole,Rodriguez,1996-07-03,nicole.rodriguez_0@gmail.com
825,Alexis,Lawrence,1981-12-11,alexis.lawrence_0@hotmail.com
826,Wyatt,Soto,1962-12-10,wyatt.soto_0@gmail.com
827,Madison,Walker,1972-09-19,madison.walker_0@gmail.com
828,Jack,Phillips,1952-09-23,jack.phillips_0@yahoo.com
829,Joseph,Drake,1990-12-06,joseph.drake_0@hotmail.com
830,Harold,Weber,1957-03-26,harold.weber_0@gmail.com
831,Timothy,Young,1999-06-14,timothy.young_0@hotmail.com
832,Abigail,Adams,1997-10-27,abigail.adams_0@gmail.com
833,Desiree,Moore,1945-03-28,desiree.moore_0@hotmail.com
834,Samuel,Garrett,1972-05-31,samuel.garrett_0@yahoo.com
835,Jeffrey,Perry,1995-07-10,jeffrey.perry_0@gmail.com
836,Laurie,Wiggins,1995-03-09,laurie.wiggins_0@yahoo.com
837,Peggy,Stephens,2004-06-16,peggy.stephens_0@yahoo.com
838,Kristine,Wood,1984-12-14,kristine.wood_0@yahoo.com
839,Frank,Calderon,1993-04-28,frank.calderon_0@hotmail.com
840,Brittany,Thompson,1955-08-18,brittany.thompson_0@yahoo.com
841,Christy,Howe,1950-03-26,christy.howe_0@gmail.com
842,Mary,Castillo,1998-08-06,mary.castillo_0@yahoo.com
843,Jessica,Stewart,1990-08-29,jessica.stewart_0@yahoo.com
844,Emma,Lamb,1971-06-02,emma.lamb_0@yahoo.com
845,Amber,Gray,1960-05-17,amber.gray_0@hotmail.com
846,Monica,Williams,1947-03-02,monica.williams_0@yahoo.com
847,Rebecca,Randall,1980-06-26,rebecca.randall_0@gmail.com
848,Brenda,Norton,1947-09-22,brenda.norton_0@yahoo.com
849,James,Riley,1994-07-23,james.riley_0@gmail.com
850,Anthony,Petersen,1956-11-22,anthony.petersen_0@yahoo.com
851,Sarah,Booth,1995-02-09,sarah.booth_0@yahoo.com
852,Sandra,Parks,1962-02-03,sandra.parks_0@yahoo.com
853,William,Stevens,2005-07-22,william.stevens_0@yahoo.com
854,Aaron,Campos,1957-10-06,aaron.campos_0@hotmail.com
855,Robert,Mcfarland,1964-08-17,robert.mcfarland_0@hotmail.com
856,Erica,Johnson,1967-12-01,erica.johnson_0@gmail.com
857,Hunter,Gomez,1951-05-18,hunter.gomez_0@gmail.com
858,Victor,French,1993-11-24,victor.french_0@yahoo.com
859,Joshua,Duran,1952-04-25,joshua.duran_0@gmail.com
860,Tracy,Johnson,1968-05-21,tracy.johnson_0@yahoo.com
861,Mike,Bailey,1982-02-28,mike.bailey_0@gmail.com
862,Robert,Davis,1966-05-09,robert.davis_0@gmail.com
863,Debra,Peters,1957-01-23,debra.peters_0@hotmail.com
864,Benjamin,Alvarado,1992-01-13,benjamin.alvarado_0@gmail.com
865,Patrick,Gardner,1960-05-04,patrick.gardner_0@yahoo.com
866,Bryan,Wood,1950-11-18,bryan.wood_0@hotmail.com
867,Sherry,Butler,2002-11-09,sherry.butler_0@hotmail.com
868,Tina,Williamson,1946-11-03,tina.williamson_0@hotmail.com
869,Robert,Proctor,1963-02-05,robert.proctor_0@hotmail.com
870,Mary,Haney,1970-12-02,mary.haney_0@gmail.com
871,Paul,Hogan,1984-04-16,paul.hogan_0@yahoo.com
872,Amber,Moon,1960-06-14,amber.moon_0@hotmail.com
873,Susan,Estrada,1972-01-04,susan.estrada_0@hotmail.com
874,Jose,Herring,1960-03-16,jose.herring_0@yahoo.com
875,Matthew,Garcia,2001-01-16,matthew.garcia_0@gmail.com
876,Jennifer,Jones,2000-05-02,jennifer.jones_0@hotmail.com
877,Michael,Jones,1963-11-24,michael.jones_0@hotmail.com
878,Jennifer,James,1993-12-10,jennifer.james_0@yahoo.com
879,Jonathan,Holland,1989-12-05,jonathan.holland_0@gmail.com
880,Amy,Simmons,1955-07-18,amy.simmons_0@yahoo.com
881,Nicholas,Ramirez,2000-04-14,nicholas.ramirez_0@gmail.com
882,Mark,Fitzgerald,1954-05-15,mark.fitzgerald_0@yahoo.com
883,Maria,Marquez,1974-07-14,maria.marquez_0@gmail.com
884,Mariah,Roberson,1952-12-11,mariah.roberson_0@hotmail.com
885,John,Hartman,1945-10-07,john.hartman_0@hotmail.com
886,Melinda,Yates,1946-06-02,melinda.yates_0@hotmail.com
887,Sara,Martin,1954-03-25,sara.martin_0@hotmail.com
888,Charles,Howell,1960-04-01,charles.howell_0@yahoo.com
889,Thomas,Scott,1993-01-10,thomas.scott_0@hotmail.com
890,Edward,Hall,1972-07-28,edward.hall_0@gmail.com
891,David,Diaz,1991-10-17,david.diaz_0@yahoo.com
892,Raven,Fisher,1979-07-16,raven.fisher_0@gmail.com
893,Darlene,Christian,1965-08-22,darlene.christian_0@yahoo.com
894,Dustin,Hayes,1959-09-16,dustin.hayes_0@yahoo.com
895,Michael,Molina,2002-04-08,michael.molina_0@yahoo.com
896,Ellen,Mullins,1966-03-04,ellen.mullins_0@yahoo.com
897,Craig,Brown,1989-06-24,craig.brown_0@hotmail.com
898,Tonya,Peters,1952-01-22,tonya.peters_0@gmail.com
899,Jared,Torres,1979-11-05,jared.torres_0@gmail.com
900,Denise,Horton,2000-03-03,denise.horton_0@hotmail.com
901,Teresa,Maddox,1989-08-31,teresa.maddox_0@gmail.com
902,Kimberly,Simpson,1997-03-08,kimberly.simpson_0@yahoo.com
903,Jake,Joseph,1997-03-17,jake.joseph_0@gmail.com
904,Anthony,Mccoy,1991-02-27,anthony.mccoy_0@hotmail.com
905,Nathan,Stewart,1969-12-23,nathan.stewart_0@gmail.com
906,Roger,Carter,1973-04-21,roger.carter_0@hotmail.com
907,Barbara,Galvan,1962-05-23,barbara.galvan_0@hotmail.com
908,David,Stokes,1960-10-27,david.stokes_0@hotmail.com
909,Courtney,Martin,1960-06-09,courtney.martin_0@hotmail.com
910,Charles,Moore,1978-10-14,charles.moore_0@yahoo.com
911,Lisa,Campos,1994-11-23,lisa.campos_0@gmail.com
912,Kimberly,Holt,1990-08-17,kimberly.holt_0@gmail.com
913,Danielle,Barker,1962-04-26,danielle.barker_0@hotmail.com
914,Melinda,Fischer,1980-07-17,melinda.fischer_0@hotmail.com
915,Stacy,Kramer,1976-08-17,stacy.kramer_0@gmail.com
916,Ross,Harris,1999-06-18,ross.harris_0@hotmail.com
917,Timothy,King,1987-07-21,timothy.king_0@hotmail.com
918,Lauren,Washington,1971-12-11,lauren.washington_0@hotmail.com
919,Juan,Miller,1973-01-26,juan.miller_0@gmail.com
920,Marisa,Andrews,1983-02-21,marisa.andrews_0@yahoo.com
921,Kelly,Andrews,1970-02-14,kelly.andrews_0@yahoo.com
922,Richard,Pham,2001-11-20,richard.pham_0@gmail.com
923,Tami,Diaz,2001-07-01,tami.diaz_0@gmail.com
924,Heather,Moore,1969-09-10,heather.moore_0@gmail.com
925,Cheryl,Nelson,1988-08-23,cheryl.nelson_0@hotmail.com
926,Brian,Neal,2005-01-16,brian.neal_0@hotmail.com
927,Raymond,Mills,2003-06-16,raymond.mills_0@hotmail.com
928,Kimberly,Carrillo,1998-06-14,kimberly.carrillo_0@hotmail.com
929,Amy,Collins,1969-03-12,amy.collins_0@yahoo.com
930,Anthony,Jackson,1970-10-29,anthony.jackson_0@gmail.com
931,Chad,Ferguson,1977-09-01,chad.ferguson_0@hotmail.com
932,Mark,Luna,1945-05-11,mark.luna_0@yahoo.com
933,Melanie,Brown,1970-03-31,melanie.brown_0@hotmail.com
934,Lori,Watson,1992-11-27,lori.watson_0@yahoo.com
935,Laura,Foster,1960-12-06,laura.foster_0@hotmail.com
936,Tyler,Wilson,1986-08-01,tyler.wilson_0@hotmail.com
937,Laura,Noble,1999-07-29,laura.noble_0@gmail.com
938,Marie,Johnson,1950-05-14,marie.johnson_0@yahoo.com
939,Kevin,Espinoza,1971-10-07,kevin.espinoza_0@yahoo.com
940,Audrey,Gamble,1999-09-24,audrey.gamble_0@hotmail.com
941,Tyler,Stark,1956-03-17,tyler.stark_0@hotmail.com
942,Steven,Dunn,1945-09-19,steven.dunn_0@hotmail.com
943,Antonio,Smith,1984-10-17,antonio.smith_0@gmail.com
944,Pamela,Peterson,1986-06-16,pamela.peterson_0@hotmail.com
945,Tiffany,Bradford,1975-01-30,tiffany.bradford_0@hotmail.com
946,Steven,Saunders,1982-03-11,steven.saunders_0@gmail.com
947,Erica,Hubbard,1954-02-25,erica.hubbard_0@hotmail.com
948,Cindy,Griffin,1998-02-22,cindy.griffin_0@yahoo.com
949,Heather,Allen,1974-11-06,heather.allen_0@hotmail.com
950,Joe,Sherman,1968-11-14,joe.sherman_0@gmail.com
951,Kathleen,Kelly,1989-11-30,kathleen.kelly_0@hotmail.com
952,Joseph,Anderson,1947-06-25,joseph.anderson_0@yahoo.com
953,Matthew,Warren,2001-12-16,matthew.warren_0@yahoo.com
954,Jesse,Sanchez,1971-07-22,jesse.sanchez_0@gmail.com
955,Frederick,Anderson,1970-08-03,frederick.anderson_0@hotmail.com
956,Elizabeth,Hansen,1974-10-04,elizabeth.hansen_0@yahoo.com
957,Karen,Pham,1962-06-21,karen.pham_0@gmail.com
958,Ashlee,Gonzalez,1994-09-14,ashlee.gonzalez_0@gmail.com
959,David,Martinez,2002-08-26,david.martinez_0@yahoo.com
960,Frank,Morris,1997-03-13,frank.morris_0@hotmail.com
961,Ann,Hines,1990-01-16,ann.hines_0@hotmail.com
962,Hannah,Stone,1951-12-22,hannah.stone_0@yahoo.com
963,Theresa,Jones,1963-06-13,theresa.jones_0@yahoo.com
964,Edward,Davis,1948-03-14,edward.davis_0@gmail.com
965,Kevin,Stewart,1971-08-15,kevin.stewart_0@gmail.com
966,Gary,Wall,1961-09-26,gary.wall_0@hotmail.com
967,Shannon,Chase,1952-07-06,shannon.chase_0@gmail.com
968,Valerie,Kim,1971-03-31,valerie.kim_0@hotmail.com
969,Stacy,Andrews,1988-10-20,stacy.andrews_0@hotmail.com
970,Lauren,Flores,1978-11-25,lauren.flores_0@yahoo.com
971,Terrence,Young,1991-10-12,terrence.young_0@gmail.com
972,Henry,Rodriguez,1946-02-16,henry.rodriguez_0@hotmail.com
973,Jeff,Smith,1961-05-03,jeff.smith_0@yahoo.com
974,Derek,White,1949-06-20,derek.white_0@yahoo.com
975,Reginald,Vasquez,1993-05-01,reginald.vasquez_0@gmail.com
976,Brenda,Manning,1954-08-09,brenda.manning_0@yahoo.com
977,Eric,Moreno,1966-04-25,eric.moreno_0@yahoo.com
978,Michelle,Cook,1999-09-18,michelle.cook_0@gmail.com
979,David,Jackson,1972-10-13,david.jackson_0@gmail.com
980,James,Fox,1955-08-02,james.fox_0@gmail.com
981,Megan,Olson,1966-07-09,megan.olson_0@yahoo.com
982,Lisa,Campbell,2004-05-21,lisa.campbell_0@hotmail.com
983,Anna,Mack,1983-09-30,anna.mack_0@hotmail.com
984,Mary,Byrd,1965-10-17,mary.byrd_0@hotmail.com
985,Kevin,Jenkins,1950-10-07,kevin.jenkins_0@yahoo.com
986,Elizabeth,Johnson,1967-06-25,elizabeth.johnson_0@hotmail.com
987,Daniel,Potter,1999-08-19,daniel.potter_0@hotmail.com
988,Joan,Ramirez,1989-06-12,joan.ramirez_0@gmail.com
989,Corey,Atkinson,1993-02-25,corey.atkinson_0@hotmail.com
990,Mary,Fuller,1948-05-27,mary.fuller_0@yahoo.com
991,Jessica,Mendoza,1951-03-06,jessica.mendoza_0@gmail.com
992,Ashley,Pittman,1954-03-25,ashley.pittman_0@hotmail.com
993,Danielle,Mosley,1950-12-05,danielle.mosley_0@gmail.com
994,Larry,Martinez,2001-06-25,larry.martinez_0@hotmail.com
995,Diane,Hurst,1954-12-23,diane.hurst_0@yahoo.com
996,Brandy,Gaines,1952-04-09,brandy.gaines_0@gmail.com
997,Tyler,Marshall,1986-09-01,tyler.marshall_0@gmail.com
998,Mario,Schmidt,2003-12-11,mario.schmidt_0@hotmail.com
999,Eduardo,King,1982-02-07,eduardo.king_0@yahoo.com
1000,Joshua,Vasquez,1991-06-28,joshua.vasquez_0@hotmail.com
