movie_id,actor_id,role_name
1,28,Scientist Brendan
1,71,Hero Daniel
1,117,Alien Trevor
2,73,Queen Danielle
2,42,Detective Danny
2,33,Soldier Rebecca
3,84,Child Mark
3,142,Queen Julie
4,81,Doctor Cole
4,97,Detective Chad
5,112,Queen Jeanne
5,83,Alien Regina
5,102,Detective Robert
5,46,Scientist Anthony
6,145,Doctor Antonio
6,146,Detective Richard
6,11,Villain Ann
7,17,Villain Jennifer
7,18,Soldier Elizabeth
7,36,Doctor Megan
8,61,Queen Renee
8,24,Queen Carla
9,21,Soldier Michelle
9,106,Child Samantha
9,88,King James
10,16,Villain Lucas
10,135,Doctor William
10,107,Soldier Jennifer
10,102,Hero Michael
11,41,Hero Patricia
11,30,Hero Carol
11,67,Detective Daniel
12,143,Child Ashley
12,7,Detective Thomas
12,14,Detective Christopher
12,58,Hero Johnny
13,40,Doctor John
13,36,Queen Paula
14,100,Doctor William
14,102,Scientist Robert
14,5,Child Cynthia
15,107,Soldier Melissa
15,141,Detective Erika
16,10,Hero John
16,54,Alien Eric
17,2,Alien Nancy
17,90,Queen Christopher
17,21,Doctor Wanda
18,102,Villain Troy
18,55,Doctor Dominic
19,73,Doctor Diane
19,69,Queen Rodney
20,100,Queen Dustin
20,41,Hero April
20,52,Queen Lance
20,66,Scientist Amber
21,31,Detective Joseph
21,74,Child Pamela
21,116,Alien Rachel
22,132,Soldier Vanessa
22,104,Detective Tyler
22,53,King David
22,48,Soldier Aaron
23,53,Hero Lisa
23,52,Alien Hannah
23,146,Scientist Jessica
23,77,Queen Diane
24,14,Scientist Andrew
24,59,Hero Peter
24,146,Doctor Brandon
25,80,Hero Kevin
25,4,Villain Julie
26,53,Queen Kristy
26,128,Child Luis
26,100,King Bridget
27,43,Alien Anita
27,126,Scientist Matthew
27,123,Hero Jared
27,144,Soldier Douglas
28,28,Detective Natalie
28,1,Scientist Richard
28,8,Detective Denise
28,13,Scientist Jessica
29,98,Soldier Natasha
29,146,Detective Heather
29,41,Queen James
30,49,Queen Jimmy
30,109,Soldier Rachel
31,107,Detective Megan
31,6,Soldier Renee
31,77,Scientist Patrick
32,68,Hero Jennifer
32,117,Soldier Marissa
33,8,Soldier James
33,122,Soldier Alexander
33,45,Hero Rebecca
33,4,Child Brian
34,143,Child Benjamin
34,70,Soldier Brian
34,6,Villain Lori
34,145,Hero Brianna
35,102,Detective Cameron
35,97,Detective Scott
36,111,Villain Daniel
36,120,Detective Adam
36,106,Alien Shelia
37,17,Scientist Melissa
37,72,Child Amanda
38,69,Scientist Bradley
38,7,Hero Alison
39,115,Detective Toni
39,1,Alien Jerry
40,144,Detective Holly
40,126,Scientist Joshua
40,60,Queen Matthew
41,95,Child Nicole
41,117,Doctor Carol
42,96,Doctor Hector
42,142,Villain Felicia
43,89,Alien Christy
43,105,King Jerry
43,45,Queen Sandra
44,89,Child Jasmin
44,75,Doctor Cynthia
44,38,King Robert
45,111,Villain Christopher
45,23,Queen Kayla
45,65,Queen Phillip
46,120,Detective Amanda
46,116,Queen Dawn
46,139,Doctor William
46,43,Villain Lisa
47,88,Villain Donald
47,139,Hero Derrick
47,41,King Cynthia
47,147,Soldier April
48,29,Detective Michael
48,129,Doctor Tracey
48,140,Soldier Kathleen
49,2,Hero Kevin
49,66,Queen Stephen
49,141,Child Heidi
49,43,Soldier Jonathan
50,96,Doctor Stephen
50,141,King Adam
50,102,Hero Michael
51,90,Child Jennifer
51,105,Villain Charles
51,28,Hero Maria
51,58,Detective Whitney
52,28,Scientist Benjamin
52,127,Hero Michael
52,37,King Amy
52,19,Scientist Jason
53,139,Hero Kimberly
53,25,Detective John
54,8,Soldier Michelle
54,76,Hero Ryan
55,19,Scientist Sarah
55,18,Child Cassandra
56,109,King Christine
56,92,Detective Kelly
57,77,Hero Donald
57,88,Scientist Angela
57,100,King Vanessa
57,96,Alien Julie
58,123,Child Donald
58,11,Queen Robert
58,126,Queen Jesse
58,9,Detective Yolanda
59,122,Soldier Jessica
59,99,King Michael
59,138,Alien Anthony
60,90,Detective Jessica
60,126,Child Richard
60,7,Soldier Todd
60,98,Child Timothy
61,140,Hero Michelle
61,24,Soldier William
61,22,Child Timothy
62,87,Detective Molly
62,62,Queen David
62,121,Scientist Alyssa
63,116,Detective Lisa
63,56,Villain Jay
63,106,Alien Sara
63,25,Detective Ryan
64,114,Child Alicia
64,18,Scientist Elizabeth
64,129,Alien Michael
64,47,King Christopher
65,13,Doctor Diana
65,65,Child Natasha
65,150,Villain Kimberly
65,31,Child Evan
66,42,Alien Sandra
66,11,Queen George
66,75,King Erik
67,40,Hero Ronald
67,20,Child Ryan
68,64,Villain Xavier
68,2,King Hayley
68,100,Detective Alex
69,47,Alien Holly
69,58,Child James
69,88,Hero Dawn
70,114,Villain Christopher
70,30,Villain Randall
70,26,Alien Lisa
70,43,Alien Gary
71,113,Queen Andrea
71,128,King Danielle
72,135,Doctor Erica
72,95,Soldier Jennifer
73,122,King Tammy
73,9,Doctor Aaron
73,72,King Kelly
74,17,Scientist Brandy
74,23,Queen Lindsey
75,103,Villain Ariana
75,130,Soldier Daniel
75,63,Detective Marcus
76,23,Villain Cindy
76,147,Hero Timothy
77,140,Scientist Edwin
77,96,Child Marcus
77,143,Soldier Carrie
78,48,Doctor Tyler
78,150,Detective Kenneth
78,106,Hero Ana
78,30,Hero Jacob
79,77,King Angela
79,35,Detective Susan
80,16,Soldier Amanda
80,131,Doctor Logan
80,4,Scientist Sandra
81,136,Queen Samantha
81,3,Hero Shelly
81,78,Child Kelly
81,36,Hero Kerri
82,122,Child Daniel
82,123,Hero Stacey
83,45,Doctor Paul
83,100,Doctor Timothy
84,38,Doctor Brandi
84,33,Villain Ashley
85,123,Soldier Stephanie
85,132,Alien Don
86,64,Queen Susan
86,106,Hero Michelle
87,105,Detective Michelle
87,16,Queen Michael
87,111,King Christopher
88,50,King Amanda
88,96,Child Christopher
89,58,King Danny
89,33,Villain Tiffany
89,123,Hero Alicia
89,131,Alien Benjamin
90,74,Alien Morgan
90,128,Detective Michael
90,20,King Bradley
90,111,Soldier Jennifer
91,22,Scientist Isaiah
91,38,King Joseph
91,11,Scientist Jane
91,95,Child Henry
92,88,Scientist Stacie
92,78,Child Ann
92,138,Doctor Pamela
92,84,Child Michael
93,144,Child Steven
93,147,Queen Brandon
93,36,Soldier Jesse
94,126,Alien Allen
94,88,Soldier Donald
94,137,Scientist James
94,133,Scientist David
95,74,Queen Jessica
95,132,Queen Edward
95,59,Hero Cynthia
96,49,Queen Caleb
96,90,Doctor William
96,79,King Mary
96,50,Scientist Barry
97,109,Scientist Joshua
97,49,Hero Ashley
97,36,Queen Tanya
98,139,Child Richard
98,142,Alien Dawn
98,83,Doctor Melvin
98,53,Villain Wendy
99,75,Hero Fernando
99,64,Alien Melissa
100,87,Hero Ricky
100,47,King Jason
100,128,Child David
100,96,Scientist Ann
101,118,Scientist Patrick
101,138,Alien Olivia
101,88,Soldier Alexander
101,38,Scientist Stephanie
102,97,King Danielle
102,141,Detective Andrew
103,49,Child Derek
103,66,Child Jose
104,150,King Gerald
104,71,Hero Paul
104,131,Scientist Jennifer
104,146,Detective Dominic
105,126,King Jacqueline
105,28,King Audrey
105,122,Queen Michael
106,36,Soldier Terrence
106,47,Queen Laura
107,11,Scientist Cynthia
107,18,Soldier Virginia
108,138,King Heidi
108,69,Hero Mark
108,33,Detective Nicole
108,25,Alien Hannah
109,3,Queen Lindsay
109,29,Alien Kathryn
110,71,Hero Kevin
110,73,Hero Sophia
110,111,Alien Susan
110,62,Alien Michael
111,69,Villain Ricky
111,142,Detective Kimberly
111,91,Doctor Tyler
111,61,Alien Brandon
112,57,Hero Omar
112,44,Doctor Rebecca
112,99,Alien Kristina
113,42,Alien Michael
113,24,Alien Kevin
114,125,Hero Shelby
114,32,King Jeffery
114,25,Hero Mark
115,118,Villain Cameron
115,43,Hero Oscar
116,28,Scientist Ruben
116,1,King Ana
116,62,Alien Amanda
117,99,Soldier Mackenzie
117,115,Soldier Michael
117,55,King Morgan
117,60,Child James
118,39,Detective Julie
118,99,Doctor Joseph
118,98,Scientist James
119,126,Doctor Kenneth
119,112,Queen Judith
120,6,Alien Jeremy
120,128,King Shelby
120,130,Child Michael
121,53,Alien Amy
121,96,King Roy
121,37,Villain Ernest
121,20,King Robert
122,56,Queen Troy
122,81,King Ryan
123,64,King Peter
123,75,Alien Kevin
123,60,Child Lawrence
124,145,Soldier Eric
124,63,Child Michelle
125,6,Queen Lisa
125,100,King Thomas
125,147,Detective Alice
125,89,Child Adam
126,115,King William
126,109,Scientist Chelsea
126,23,Queen John
127,69,Scientist Kendra
127,94,Child Debra
128,44,Alien Kelsey
128,57,Doctor Chelsea
129,136,Queen Jeffery
129,51,Detective Maria
129,10,Hero Johnathan
129,98,Soldier John
130,41,Scientist Theresa
130,24,Soldier Ryan
130,142,Doctor Carla
130,13,Scientist Matthew
131,39,King Amanda
131,76,Scientist Michael
131,37,Villain Kathryn
132,105,Villain Krystal
132,80,Doctor Luis
133,60,Alien Brian
133,24,Detective Virginia
134,46,King Anthony
134,74,Villain Gregory
134,141,Hero Joseph
134,121,Detective Steven
135,20,Soldier Jessica
135,18,Scientist Alan
136,137,Child Stephen
136,32,Doctor Juan
137,46,Villain Samantha
137,40,Hero Katherine
137,137,Detective Katherine
138,44,Detective Ashley
138,70,Doctor Heidi
138,132,Doctor Sean
139,101,Villain Robin
139,35,Detective Tracy
140,40,Alien Donald
140,34,Queen Teresa
140,62,Alien Leroy
141,119,Villain Cynthia
141,63,Soldier Sandra
141,117,Hero Elizabeth
142,11,King Tara
142,18,Villain Adam
143,74,Doctor Anna
143,118,Child Anthony
144,102,Doctor Robert
144,141,Child Matthew
144,139,Doctor Victoria
144,104,Queen Daniel
145,148,King Benjamin
145,104,Villain David
145,65,Doctor Heidi
145,135,Child Adam
146,10,Soldier Victoria
146,53,Alien Andrew
147,77,King Jackson
147,30,King Anna
147,106,Scientist Larry
148,7,Hero Matthew
148,81,Detective Nicole
148,125,Hero Donald
149,38,Scientist Steven
149,116,King Joseph
149,36,Hero Gabriela
150,5,Child Emily
150,59,Scientist Jesse
151,103,Hero Jeffrey
151,120,Child Travis
151,96,Villain Michele
152,14,Soldier Katherine
152,63,Scientist Jacob
152,38,Queen Lauren
153,90,King Jenny
153,120,King Craig
154,76,Doctor Douglas
154,91,Doctor Diane
155,11,Queen Barbara
155,123,Queen Joshua
155,18,Hero Misty
156,130,Soldier Richard
156,43,Villain Jack
156,3,Doctor Steven
157,16,Hero Joseph
157,7,Doctor Andrea
157,131,Queen Mary
158,115,Queen Omar
158,104,Alien Isaac
159,89,Queen Elizabeth
159,84,Detective Daniel
159,73,Doctor Brent
160,32,Doctor Michael
160,113,Detective Jeffrey
160,125,Doctor James
160,111,Alien Jennifer
161,18,Child Michael
161,40,Scientist Kelly
161,97,Villain Stephanie
161,85,Villain Jordan
162,24,Scientist Katherine
162,99,King Tiffany
163,11,Scientist Lauren
163,12,Detective Madison
164,50,Alien Connie
164,108,Hero Brenda
165,39,Alien Mario
165,110,Scientist Christian
165,141,Hero Elizabeth
166,17,Detective Sandra
166,42,Scientist Maurice
167,124,Villain Michael
167,17,Child Katelyn
167,57,Soldier Jeffrey
167,120,Soldier Shawn
168,118,Scientist Anthony
168,88,Alien Kathy
168,96,Doctor Derek
168,121,Doctor Jacob
169,85,Alien Megan
169,84,Doctor Robert
169,135,Scientist James
169,40,Alien Scott
170,58,King Paul
170,6,Child Whitney
171,85,Child Donald
171,131,King Christopher
171,77,Detective Logan
172,77,Doctor Thomas
172,66,Hero Sylvia
172,28,Hero Jennifer
172,38,Hero Kathryn
173,40,Doctor Julie
173,26,Queen Kathleen
173,139,King Jonathan
174,103,Scientist Craig
174,108,Soldier Karen
174,146,Hero Anthony
174,85,Villain Jonathan
175,124,King David
175,17,King Theresa
175,81,King Diana
175,15,Villain Philip
176,122,Queen Alexis
176,8,Soldier Christy
176,86,Scientist Brian
177,125,King Ashley
177,126,Alien Christopher
178,104,Hero Marisa
178,111,Scientist John
179,43,Villain Kristy
179,87,Alien Jimmy
180,97,Soldier Christine
180,22,Soldier Matthew
180,26,Detective Charles
181,139,Child Julie
181,110,Soldier Shelley
182,39,Villain Lance
182,14,Detective Antonio
182,1,Villain Mark
182,121,Scientist Christina
183,92,Detective Brittany
183,147,Villain Douglas
183,23,Scientist Lori
184,26,Soldier Robin
184,10,Detective Jane
184,150,Alien Robert
185,50,King Jeremy
185,44,Child Linda
186,69,Alien Stacey
186,75,Doctor Stephanie
187,73,Soldier Jason
187,36,Child Kimberly
188,67,Child Maria
188,41,Alien Amanda
188,132,Hero Angela
188,25,Scientist Susan
189,101,Villain Kyle
189,87,Child Max
190,92,Scientist Shari
190,131,King Diane
190,79,King Debra
191,80,Hero Brian
191,84,Hero Mike
192,39,Soldier Lisa
192,40,Detective Richard
192,10,Alien Michael
193,38,Child Michele
193,28,Villain Duane
194,19,Queen Gregory
194,73,Queen Jennifer
195,62,Soldier Daniel
195,124,Doctor Jonathan
195,112,Alien Thomas
195,105,Scientist Katie
196,54,Villain Scott
196,122,King Steven
196,9,Hero Catherine
196,94,Queen Caleb
197,13,Scientist Jennifer
197,9,King Kelly
198,128,King Andrew
198,119,Queen Justin
199,35,Queen Jonathan
199,84,Alien Paula
199,109,Villain Adrienne
200,43,King Jasmine
200,65,Soldier Deborah
201,86,Villain John
201,38,Hero Nicole
201,11,Doctor Nathan
202,127,King Rose
202,72,Detective Christopher
202,52,Detective Benjamin
202,47,Queen Denise
203,88,Soldier Eric
203,96,Child Tina
203,87,Doctor Timothy
203,1,Hero David
204,38,Doctor Dawn
204,86,Scientist Malik
205,101,Detective Ricky
205,136,Child Felicia
205,51,Alien Danny
205,112,Doctor Emily
206,138,Scientist Taylor
206,117,Queen David
206,12,Detective Rebecca
207,17,Child Susan
207,122,Alien Lisa
207,107,Alien Renee
208,81,Child Jason
208,58,Scientist Evan
209,10,Scientist Daniel
209,59,King Ronald
209,149,Scientist Gina
210,136,Detective Christopher
210,59,Hero Brian
211,62,King Wesley
211,102,Detective Jeremy
211,1,Soldier Christine
212,138,Detective Eric
212,140,Doctor Brittney
212,107,Scientist John
213,14,Doctor Ashley
213,128,Doctor Charles
213,149,Scientist Marco
213,55,Soldier Jeffery
214,100,Queen Steven
214,144,Villain Kimberly
215,52,Queen Daniel
215,4,Hero Anthony
215,110,Child Derrick
215,21,Detective Willie
216,34,Villain Shannon
216,67,Scientist Aaron
217,66,Hero Dawn
217,107,Villain Michael
217,42,Queen Brooke
217,110,Soldier Christine
218,80,Soldier Jessica
218,139,Soldier Nathaniel
218,141,Villain James
219,1,Soldier Jonathan
219,62,Scientist Louis
220,30,Queen Alex
220,116,Soldier Vanessa
221,137,Child Adam
221,120,Alien Kimberly
221,131,Scientist Nicholas
221,32,Soldier Lindsay
222,24,King John
222,91,Hero Troy
222,46,Doctor Chloe
223,5,Villain Paige
223,23,Villain Julie
223,17,Queen Kyle
224,134,Hero Michael
224,137,Child Brian
225,90,King Brooke
225,8,Soldier Wesley
225,88,Doctor Shaun
225,100,King Randy
226,43,Alien John
226,49,Child Kimberly
227,18,Child Joseph
227,59,King Cassandra
227,127,Queen Jennifer
227,143,Queen Jamie
228,11,Child Ricky
228,10,Hero Hannah
229,147,Detective Erin
229,91,Queen Kenneth
230,87,Child Casey
230,107,Soldier Jennifer
230,2,Villain Dustin
230,81,Soldier Kristina
231,134,Child Amber
231,144,Child Cole
231,30,Doctor Charles
231,35,Doctor John
232,88,Hero Andrea
232,31,Scientist David
232,9,Doctor Gerald
232,82,King Brandon
233,10,Scientist Karen
233,28,Villain Craig
233,15,Scientist John
234,40,King Nicholas
234,72,Soldier Craig
234,88,Doctor Lance
235,20,Scientist Eduardo
235,128,King Corey
235,79,Detective Amanda
236,73,Villain Amy
236,84,Soldier Michael
237,135,Queen Joel
237,26,Soldier Anthony
238,68,Queen Andrea
238,86,Soldier James
239,148,Alien Jessica
239,55,Soldier Nicole
240,13,Scientist Emily
240,71,Doctor Alexandra
241,21,Scientist Jennifer
241,141,Doctor Dana
241,148,Scientist Jeffrey
241,140,Soldier Maureen
242,11,Soldier John
242,80,Queen Annette
242,108,Scientist Elizabeth
243,14,Alien Christopher
243,36,Detective Shawna
243,18,Soldier Timothy
243,25,Child John
244,121,King Omar
244,93,Doctor Alexander
245,68,Alien Kaitlyn
245,41,Doctor Brittany
246,21,Villain Kevin
246,86,Villain Todd
247,146,Hero Timothy
247,27,Villain Brandon
247,5,Villain Andrew
247,121,Doctor David
248,105,Doctor Jonathan
248,2,Scientist Jennifer
249,49,Detective Kimberly
249,127,King Tammy
249,141,Hero Robin
249,61,Alien Stephen
250,100,Queen Ryan
250,50,Villain Joseph
250,136,King Michael
250,75,Alien Laura
251,149,Hero Laura
251,74,Alien Emily
251,69,Soldier Mary
252,108,Soldier Malik
252,66,King Henry
252,128,Alien Stephen
252,1,Hero Allison
253,65,Alien Christopher
253,33,Soldier Daniel
253,148,Hero Kimberly
253,48,Villain Karen
254,11,Soldier Cindy
254,60,King Lauren
254,64,Villain Kevin
254,12,Hero Jordan
255,29,Hero Michael
255,148,Soldier Catherine
255,1,Detective Donald
256,28,Child Randall
256,88,Villain Matthew
256,53,Villain Mackenzie
257,32,King Carol
257,95,Doctor Shawn
257,84,Scientist Vernon
257,106,Child Joel
258,52,Queen Sean
258,38,Hero Gabrielle
258,53,Hero Darren
258,100,Child Karina
259,71,Scientist Walter
259,112,Detective Robert
259,13,King Donald
260,41,Doctor Ronald
260,16,Scientist Brenda
260,118,Hero Richard
261,29,Scientist Dennis
261,74,Scientist Richard
261,37,Villain Maria
262,4,Soldier Sandra
262,122,Alien Scott
262,136,Child Jeffery
263,78,Hero Anthony
263,58,Scientist Michael
263,116,Child Jared
264,70,Hero Corey
264,42,Child Amy
264,123,Villain Melissa
265,61,King Timothy
265,125,Hero Justin
266,131,Queen Victoria
266,38,Doctor Gabriel
266,29,Scientist Donald
266,69,Soldier Grace
267,133,Detective Sara
267,80,Soldier Kathleen
267,104,Alien Keith
268,62,Scientist Oscar
268,73,Hero Casey
269,143,Child Kenneth
269,148,Doctor Peter
269,136,Detective Patrick
269,47,Villain Troy
270,84,King Jamie
270,142,Alien Jeffery
271,1,Villain Kenneth
271,124,Soldier Erin
271,50,Scientist Charles
272,109,King Stephen
272,65,Alien Kimberly
272,70,Alien Gabrielle
272,52,Alien Grant
273,25,Alien Emily
273,98,Hero Nicholas
273,121,Hero Kenneth
274,12,Child Jeremy
274,87,Hero Carolyn
274,92,Doctor Veronica
275,127,Doctor Jillian
275,59,Detective Jared
275,111,Soldier Sandra
276,145,Hero Jose
276,36,King Anthony
277,53,King John
277,120,Doctor Lawrence
278,19,Villain Amanda
278,27,Hero Annette
278,141,Hero Brittany
278,113,Hero Rachel
279,25,Detective Sara
279,10,Alien Javier
279,66,King Andrea
280,72,Hero Kimberly
280,116,Soldier Jesse
281,61,Scientist Anthony
281,31,Alien Amber
281,24,Doctor Tom
282,62,Doctor Carrie
282,12,Villain Danielle
282,122,Detective Richard
282,71,Child Jeremy
283,106,Soldier Megan
283,85,Soldier Kathy
284,150,Detective Barbara
284,59,King Herbert
284,148,Queen Stephanie
284,72,Queen Kimberly
285,143,Soldier Jasmine
285,43,Alien Stacy
285,7,Detective Daniel
286,71,Hero Dawn
286,50,Detective Timothy
286,45,Villain Brian
286,41,Hero Mark
287,51,Scientist Jeffrey
287,34,Child Caleb
288,116,Alien Rebecca
288,58,Villain Brendan
289,31,Queen Julia
289,53,Scientist Gina
290,111,Child Beth
290,40,King Christopher
290,17,Detective Shannon
290,41,Villain David
291,9,King Eric
291,137,Soldier Timothy
291,45,Soldier April
292,55,Villain Andrew
292,19,King Amanda
293,112,Villain Sean
293,59,Scientist Brandy
294,134,Queen Vanessa
294,143,Child Richard
294,136,Villain Brian
294,150,Alien Maria
295,146,Villain Matthew
295,56,Alien Shane
295,115,Child Chloe
295,109,Scientist Kristy
296,67,Hero Jessica
296,55,King Diana
296,6,Scientist Marissa
297,138,Alien Thomas
297,120,Soldier Justin
297,24,Villain Christina
298,59,Soldier Claudia
298,137,Doctor Brian
299,102,Detective Evan
299,149,Doctor Miranda
299,35,Villain Daniel
300,60,Doctor David
300,33,Alien Joshua
300,62,Doctor Melissa
300,13,Soldier Krystal
